JavierAdaime, https://twitter.com/JavierAdaime
SAREN_MO386, https://twitter.com/SAREN_MO386
LalaRIERA, https://twitter.com/LalaRIERA
PensarAmericas, https://twitter.com/PensarAmericas
Zugen82, https://twitter.com/Zugen82
MACIASS23, https://twitter.com/MACIASS23
DimitrieDas, https://twitter.com/DimitrieDas
gastonmaldolato, https://twitter.com/gastonmaldolato
DuarteLismar, https://twitter.com/DuarteLismar
damepamatala, https://twitter.com/damepamatala
leeattow, https://twitter.com/leeattow
onealru, https://twitter.com/onealru
indignado_sr, https://twitter.com/indignado_sr
NotiCampina, https://twitter.com/NotiCampina
JOHANAM_, https://twitter.com/JOHANAM_
7punto83Hz, https://twitter.com/7punto83Hz
Ejavierm21, https://twitter.com/Ejavierm21
PoesiaGibran, https://twitter.com/PoesiaGibran
pimiento1801, https://twitter.com/pimiento1801
hectord1982 , https://twitter.com/hectord1982 
chavarriana , https://twitter.com/chavarriana 
edgarless, https://twitter.com/edgarless
miranda_aez, https://twitter.com/miranda_aez
luisgomezca , https://twitter.com/luisgomezca 
franciscoprojas, https://twitter.com/franciscoprojas
prensazees, https://twitter.com/prensazees
Ene28, https://twitter.com/Ene28
AnalisisdeCoyun, https://twitter.com/AnalisisdeCoyun
MinMujerTrujill, https://twitter.com/MinMujerTrujill
djdavid_, https://twitter.com/djdavid_
mleerescribir, https://twitter.com/mleerescribir
simgle, https://twitter.com/simgle
siemprecubano, https://twitter.com/siemprecubano
RABSA_OFICIAL, https://twitter.com/RABSA_OFICIAL
carladelmoral, https://twitter.com/carladelmoral
PabloMujica17, https://twitter.com/PabloMujica17
InfoNodal, https://twitter.com/InfoNodal
lossaqueadores, https://twitter.com/lossaqueadores
Labellareina65, https://twitter.com/Labellareina65
joaquingarlo, https://twitter.com/joaquingarlo
SusanaChavista, https://twitter.com/SusanaChavista
GPollaroli, https://twitter.com/GPollaroli
lopesaura , https://twitter.com/lopesaura 
ThisIsDi, https://twitter.com/ThisIsDi
Jjavier_zAPATA, https://twitter.com/Jjavier_zAPATA
UyO_Merlo, https://twitter.com/UyO_Merlo
MASTERCELLJD, https://twitter.com/MASTERCELLJD
Mnrr_NvaEsparta, https://twitter.com/Mnrr_NvaEsparta
revolucion923, https://twitter.com/revolucion923
ferrerdupuy, https://twitter.com/ferrerdupuy
SomosChavezMON, https://twitter.com/SomosChavezMON
Cubanamera_, https://twitter.com/Cubanamera_
cpsetYaracuy, https://twitter.com/cpsetYaracuy
JojanaG, https://twitter.com/JojanaG
edreles, https://twitter.com/edreles
nagp90 , https://twitter.com/nagp90 
mcrd1972, https://twitter.com/mcrd1972
reydeloscampos, https://twitter.com/reydeloscampos
nelson_jgarcia, https://twitter.com/nelson_jgarcia
roscio27mayo, https://twitter.com/roscio27mayo
ladobleefe, https://twitter.com/ladobleefe
delacruzoria501, https://twitter.com/delacruzoria501
MIJP_OESEPP, https://twitter.com/MIJP_OESEPP
GELCIUS_295, https://twitter.com/GELCIUS_295
