marupardohi! name maria. maru pa'lo panas. editor @integratenews. svp @followusmktg. board member @somosbandazul. expresident @apevex. opinion own. rt @alemarcanos: excelent program debate... maravill anal verb agud mferro‚Ä¶ https://t.co/8ar94pfywn üëÄ https://t.co/8uz8jnzounrt @sntpvenezuela: #urgent editor director @regionoriente, cit declar direccion contrainteligent m‚Ä¶ rt @sntpvenezuela: #urgent direccion contrainteligent milit interrog hoy period @yndilu, diari @regionoriente, en‚Ä¶ way go @bellopardo ! https://t.co/i3sbsea2qi new say ... #karmaisabarb #theresid barb-ar --&gt extrem cruelti brutal | oh, well ... bitch honor name. #theresid rt @cuaimadeverdad: urge consegu mam benutrex, √Åcid folic inyecciones, enterex bisoprolol 10 mgs. pued ayudarme, c‚Ä¶ rt @mariacorinaya: nombr venezolan solidar condolent famili polic asesin brutal a‚Ä¶ ---&gt "mas embargo" / "ambos(as) dos" / "a nivel nacional" no-no. rt @bellatrix29: hoy #25edig !!! unas eleccion presidencial venezuel decret ilegitim anc üò† https://t.c‚Ä¶ #narcoelecciones. #narcofraud - posicion @mariacorinay imposicion ilegitim ele‚Ä¶ https://t.co/jxlizoy5uy rt @nytimeses: ‚Äúnosotr esper dia llam calle, dier cuent si comenz movimiento. p‚Ä¶ #venezuela https://t.co/k3qlawtcw6 #theresid --- mix feel ... rt @residentfox: retweet help medic student need! everi retweet, @residentfox donat $5 scholarship america, t‚Ä¶ blood work label chang ... easi watch #theresid https://t.co/r9ltrgwff7 rt @bellatrix29: ma√±an #22e 11:00 am, plaz tres graci !!"qu h√âro unan" part homenaj caidos. s‚Ä¶ rt @alemarcanos: papel diaspora.. escuch mund #narcodictadur https://t.co/3un0xzrk4u ---&gt "el oper oscar perez. ---&gt #lamasacredeeljunquito#lascosasporsunombr Oposicion 
mayuyinenglish teacher, softbal player dog lover vid sonri encanta! #notsobadforamonday definit mied peor sentimientos, fren viv experient alcanz metas. @navamarisel chil dic berm hombrillo... feliz a√±o increibl irrespons conductor regres santiago... conduc berm carabineros? bien gracias! pijama navidad :) let‚Äô practic softball! @latercer carg viejo, pued cre votos! day 1 #tryingtobehealthi vot tu? #elecciones2017 #smespn agradec excelent temporada, graci @luisalvarez_1 excelent narracion viv venezuela! game 7 world series! let‚Äô get big w #earnhistroy @astro houston merec triunfo #smespn vamo altuve! vam astros ganar!!! #smxespn chil apoy equip jos altuv #teamjos let‚Äô #astro bring trophi home #worldseriesgame5 vam cuart juego! @espn_beisbol #smxespn https://t.co/myknvjaqjg game @astro #gametwoisour #worldseries2017 record vid hac 8 a√±os... octubr nunc ser igual hija enemiga? #dejenelmisterio @henrifalconl estas nro vot mas 100% impos vot mas 700.000 vas rendir? tibisay...burr ladronalara: melendez 67,65% + falcon 40,39% = 108,04% #venezuel cad vez peor! 6 mas 100% Oposicion 
TwitteoPorVEtwitt futur venezuel | twitting venezuela's futur | twitter pour l'aven du venezuel rt @statedept: secretari tillerson travel austin, mexico city, bariloche, bueno aires, lima, bogot√°, kingston februari 1-7. thr‚Ä¶ rt @pburelli: venezolan asimil implic ser ciudadan 1er. #narcoest (hoy deven #narcotirani‚Ä¶ @ntn24ve serio??d pen ajen q pretend dirigirnos!!el mund enter grita!est dictadura!!ell enteran!! rt @reutersvzla: french presid macron say latest develop venezuela "unaccept shift authoritarianism" rt @amnistiaonline: #venezuela: ayer noche, alexand tirado, deten arbitrari motiv politicos, traslad pel‚Ä¶ rt @afpespanol: #√öltimahor justici venezuel exclu alianz opositor eleccion presidencial #afp rt @alfonslopeztena: 3 million peopl estim left venezuela recent years. maduro hope left hu‚Ä¶ @unidadvenezuel @aveledoun x com actuan,hac posibl equivocarse,parec q 1 sin 3 pais repuesto! rt @oppenheimera: latin america biggest countries, european union u.s. rebuf venezuela plan sham elections. see‚Ä¶ rt @roslehtinen: asamble constituyent n #venezuel fraud ultim decision convoc eleccion 30 abril ate‚Ä¶ @voluntadpopul @unidadvenezuel mund enter rechaz eleccion uds decid si caen trampa! q da pen ajena! rt @afpespanol: #√öltimahor fmi esper caid 15% pib venezuel inflacion 13.000% 2018 #afp buen pregunta.... cc. @unidadvenezuel @julioborg @hramosallup @luisflor @hcapril @carlosvecchio‚Ä¶ https://t.co/jbfkgncazg rt @maibortpetit: √öltim hora: senador eeuu pid fiscal abrir investig criminal nicolas madur crimen co‚Ä¶ rt @ricardo_hausman: 2005 particip eleccion gobiern hiz dio gana. 2015 gan el‚Ä¶ rt @minrel_chile: [ahora] cancill @heraldomunoz realiz lectur declar tras reunion grup lim situacion #vene‚Ä¶ rt @usaenespanol: .@statedeptspox: unid rechaz energ llam asamble constituyent ilegitim #venezuel par‚Ä¶ rt @statedept: .@statedeptspox: us strong reject call #venezuela‚Äô illegitim constitu assembl snap presidenti el‚Ä¶ rt @afpespanol: #√öltimahor eeuu apoy rechaz grup lim adelant eleccion venezuel #afp ver si entiend pretend dirigirnos! cc. @unidadvenezuel @mariacorinay @leopoldolopez @hcapriles‚Ä¶ https://t.co/mlr4mmg8wy Oposicion 
financegavenezolano. emprend + merc bursatil. email: garias@tuportafoliodeinversion.com form administr tiemp as√≠ administr dinero, tiemp ali esclav √©l...!‚Ä¶ https://t.co/ie8ddqnau0 rt @eeamerica: goldm sachs elev pronost preci crud rap reequilibri merc https://t.co/0hq9mzlvx ht‚Ä¶ rt @financega: principal criptomoned cotiz frent dol american (us$) moment hoy juev 1 febrer 2018. pued‚Ä¶ rt @financega: principal par moned cotiz merc #forex hoy juev 1 febrer 2018.https://t.co/tpklaatp0t #wallstre‚Ä¶ principal par moned cotiz merc #forex hoy juev 1 febrer 2018.https://t.co/tpklaatp0t‚Ä¶ https://t.co/dokqgmgond principal criptomoned cotiz frent dol american (us$) moment hoy juev 1 febrer 2‚Ä¶ https://t.co/wbe9oiqurf rt @financega: bitcoin rang dia 9,070 - 10,336 us$ juev 1 febrer 2018. https://t.co/tpklaatp0t #ethereum #bitcoin #cryptocurre‚Ä¶ rt @financega: nunca ponga huevo sola canasta, as√≠ manifiesta warren buffet, sabia #wallstreet pued obtener‚Ä¶ rt @financega: #wallstreet #nasdaq #success #nyc #profit #money #traderlif #forexsign #forextrad #forex #rich #trade #life #entrepre‚Ä¶ rt @financega: pulveriz gananci dia ayer, 1 febrer 2018 comienz #wallstreet fuert caidas, hoy much informa‚Ä¶ bitcoin rang dia 9,070 - 10,336 us$ juev 1 febrer 2018. https://t.co/tpklaatp0t #ethereum #bitcoin‚Ä¶ https://t.co/gjtcktesvi nunca ponga huevo sola canasta, as√≠ manifiesta warren buffet, sabia #wallstreet puede‚Ä¶ https://t.co/2qetecxq6n #wallstreet #nasdaq #success #nyc #profit #money #traderlif #forexsign #forextrad #forex #rich #trade #life‚Ä¶ https://t.co/74h2z5rd6h pulveriz gananci dia ayer, 1 febrer 2018 comienz #wallstreet fuert caidas, hoy much‚Ä¶ https://t.co/ofdb6k8oq7 form part comunidad #facebook reg√≠strat fan page, pr√≥xim club inversi‚Ä¶ https://t.co/b1ruocs1x comienz dia pon practic afirmacion...! https://t.co/tpklaatp0t #wallstreet #nasdaq #success #nyc‚Ä¶ https://t.co/mhuouxuym8 rt @financega: dejo post aqu√≠ üëà https://t.co/tpklaatp0t #wallstreet #nasdaq #success #nyc #profit #money #traderlif #forexsigna‚Ä¶ rt @financega: agregar√≠a ‚Äúpersistencia‚Äù esfuerzo, enfoqu rind frutos! #wallstreet #nasdaq #success #nyc #profit #money #tra‚Ä¶ agreg ‚Äúpersistencia‚Äù esfuerzo, enfoqu rind frutos! #wallstreet #nasdaq #success #nyc #profit‚Ä¶ https://t.co/xymoucqnb6 dejo post aqu√≠ üëà https://t.co/tpklaatp0t #wallstreet #nasdaq #success #nyc #profit #money #traderlife‚Ä¶ https://t.co/ajscdhd9l8 Ninguno 
jorgefuenteseopuest ismos. 100% democrat talking rt @nytimeses: ‚Äúhay vec muer man deshidratacion‚Äù: hambr azot venezuel y, ahora, esta mat ni√±os‚Ä¶ rt @jmvivancohrw: lider democrat region deb leer demoledor reportaj @nytim crisis humanitari‚Ä¶ dialog rpd: si siqu estan acuerd si acuerd ¬øquien pued cre firm 'un acuerdo‚Ä¶ https://t.co/rp3nbyscfl rt @runrunesweb: ¬øtien sensacion pas demasi event mism tiempo? deb ‚Äúmetod pasticho‚Äù: escandal tap ot‚Ä¶ rt @cmrondon: increible: part deficient comunicacional dirigent opositora, pero, todo, fobi anti-mud, lo‚Ä¶ @lifespoems_ gracia seguirme, breve devuelvo follow :) #tuitutil https://t.co/u0dz2lcg87 @earthpiic gracia seguirme, breve devuelvo follow :) #tuitutil https://t.co/u0dz2lcg87 @spaceinventori gracia seguirme, breve devuelvo follow :) #tuitutil https://t.co/u0dz2lcg87 @troothword gracia seguirme, breve devuelvo follow :) #tuitutil https://t.co/u0dz2lcg87 @itsearthpixx gracia seguirme, breve devuelvo follow :) #tuitutil https://t.co/u0dz2lcg87 nuev seguidores: 5, unfollowers: 2 (11:14) #tuitutil https://t.co/u0dz2lcg87 @liwang18300594 gracias seguirme, brev devuelv follow :) #tuitutil https://t.co/u0dz2lcg87 @itssecretchat gracia seguirme, breve devuelvo follow :) #tuitutil https://t.co/u0dz2lcg87 @mr_perfect63 gracia seguirme, breve devuelvo follow :) #tuitutil https://t.co/u0dz2lcg87 @lovebite1234 gracias seguirme, brev devuelv follow :) #tuitutil https://t.co/u0dz2lcg87 nuev seguidores: 4, unfollowers: 2 (01:52) #tuitutil https://t.co/u0dz2lcg87 rt @josetorohardy: serrano, asesor espa√±ol vincul podemos, pretend demostr financi deficit fiscal via bcv no‚Ä¶ @nature_portal gracias seguirme, brev devuelv follow :) #tuitutil https://t.co/u0dz2lcg87 @amazing843450 gracias seguirme, brev devuelv follow :) #tuitutil https://t.co/u0dz2lcg87 @storyorpictur gracia seguirme, breve devuelvo follow :) #tuitutil https://t.co/u0dz2lcg87 Oposicion 
elianacepedamrt @bilancieri: ahor dialog cumpl objetivos... regimen:1 - desacreditaron+ mud2 - adelant elecciones3‚Ä¶ rt @bilancieri: sujet alza armas gobiern siembr violenci pais, lueg indult cubiert impun s‚Ä¶ rt @bilancieri: üî¥ #atencion circul notici fals expulsion embaj madur tod nacion union europea, ex‚Ä¶ rt @bilancieri: madur necesit algui mes dialog aparent volunt negociar, necesit alg‚Ä¶ rt @raymacaricatura: caricatur hach pagin ... pued ayud mund vea üåù graci üáªüá™ https://t.co/‚Ä¶ rt @ibepacheco: madur viv facebook. minut registr despreci pa√≠s https://t.co/teazhuqfed rt @chc31: derrib leyend urbanas: lamin explic mentir sal regim venezuel 2018 electora‚Ä¶ rt @psicovivir: dij teni dec tem elecciones. men pas masacre, as‚Ä¶ rt @psicovivir: si comun internacional rechaz ir eleccion oposicion va, regim dig gano, dond vas acu‚Ä¶ rt @psicovivir: 9. exist antecedent denunci part empres softwar anterior exist manipul data10. h‚Ä¶ rt @psicovivir: 4. inhabilit grup import opositores5. mov arbitrari centr vot6. auditor√≠ pl‚Ä¶ rt @psicovivir: 1. eleccion rechaz comun internacional. hab fraude, podr acud ellos.2. ausenci obs‚Ä¶ rt @delsasolorzano: 1 ¬°qu verg√ºenz declar tarek w. saab! dig exilio, ‚Äúcomod compu‚Ä¶ rt @delsasolorzano: 11. finalmente, tarek, olvid ud inclu debate, presos, persegu exili politi‚Ä¶ venezuel üáªüá™ #noalaseleccionesfraudulent #fueramadur #soyvenezuel #venezuelaendictadur https://t.co/s0txvougyx rt @pk2noticiosos: ¬°es dialogo! for penal denunc men 21 nuev pres polit 2018 https://t.co/i5dsgvywtl #tea‚Ä¶ rt @andrespastrana_: "el silenci bergogli pervers regimen(maduro) intolerable, decir, frent represion, l‚Ä¶ rt @rgiustia: problem √ìscar caballero, algui ajust proced codig honor (militar, policial) que,‚Ä¶ rt @ibepacheco: 28 pais europ sum unid canad sancion cabez regimen. mund va volv c‚Ä¶ rt @ekbufalo: tres error consider tuit: 1) sancion "infames", tardias. 2) ud. person debatible‚Ä¶ Oposicion 
soleramirezaadoro familia, m√∫sica, tv, f√∫tbol #greysses //i`m friendly, outgoing, like life, family, friends, music soccer, love soccer. rt @estadioec: despid quinter nassr. https://t.co/kvejjsicu3 https://t.co/pjfnuzwryn rt @ntn24ve: canast basic famili increment 81 % super 25 millon bolivar diciembr https://t.co/a2tno9ryma‚Ä¶ rt @verocoellom: ¬øentonces? ¬øno habr juici polit glas? decir, hiz dio gan sol recib 6 a√±os. realment co‚Ä¶ rt @tommy_torres: lleg conclusion pon fot taz caf significado, cont pero‚Ä¶ 6 carril vehicul quier entrar 2. #traficopes sector #perimetral #favoretend @urb_vialacosta‚Ä¶ https://t.co/b63gjyhdum list brun mars quito. excelent show. graci @brunomars x venir. https://t.co/4kox61upnf rt @bbcworld: supermoon'? https://t.co/dwkaxjv2lg @brunomar thank come here!! ive love years, made dream come true. rt @brunomars: thank ecuador incred night!!!! #24kmagicworldtour üá™üá® rt @24kmagic_tour: gracia quito! #24kmagicworldtour üá™üá® https://t.co/6tpzhid7fn rt @riesgos_ec: ¬øqu√© hac sismo? https://t.co/v8jv2oc0ox rt @aviacionecuador: ¬°¬°atenci√ìn!! aeropuert #guayaquil estar mantenimiento,sol oper helicopter 25/nov 02/dic en‚Ä¶ rt @amazonwatch: indigen peopl ecuador #enaep2017 announc opposit new round oil &amp mine bid land i‚Ä¶ rt @virgoterms: #virgo say feel okay everyth alright even not, avoid talk &amp explaining. rt @chitoveraufc: recien acab medi latin amer via telefonica... medi ecuatorian ü§î rt @vramos0294: @antiradargy atasc tod via principal ceibos. sup sab donde, normal!! @viacostagye‚Ä¶ rt @animegalarza: @jorgegl @35pais pas 500 rt, dej aca asambleist deb fiscaliz @jorgeglas, lugar‚Ä¶ rt @arwencamino: #reiki #tarot #tarotread #angel #angel #chakra #holistictherapi atencion person skype +593985039218 #guaya‚Ä¶ rt @aldocassola: ‚Äî¬øya que hari tu si hij hac gay ver ideolog√ç g√ânero?‚Äîl mism si hic tiburon ver d‚Ä¶ @tsafiki alone. tri go weekend. Ninguno 
edelgonzalzjfiel creyent democracia. siempr üíïüêï rt @edelgonzalzj: busc pacient #valenci retrusitol - reteven- uropr @estiempodedon @donatum @donamed_v @fundatiacruz #‚Ä¶ busc pacient #valenci retrusitol - reteven- uropr @estiempodedon @donatum @donamed_ve‚Ä¶ https://t.co/twmvnwxank paz mental negoc √öltim mascot demuestr mas sentimient personas!!! rt @may_rondon: situacion pais saqu peor ti. abandon abuelos, padres. maltrat hijos. tires‚Ä¶ rt @mujerbonita_a: "mi abuela" estrell mas bonit exist cielo. rt @miabuelasabia: dig hagas, seas, caracter, seras capaz complac mund rt @edelgonzalzj: necesit medicament oxibutinin #valenci #carabob @donamed_v @estiempodedon @sebuscasedon necesit medicament oxibutinin #valenci #carabob @donamed_v @estiempodedon @sebuscasedon total ciert üòç https://t.co/hcxrtymv9c maldita manera irrevers tibisay lucena lacra hdp rt @deborecordarque: unic person necesit vid aquell demuestr necesit suya. (osc wilde) desapeg solic reteven 5/10 mg valenc @donamed_v @donatumed @lapastill @estiempodedon rt @escribonia: mund empez cambi si mir perr algui tan fundamental abuel familia. tal soy: felic infel https://t.co/chulbz8yzt rt @luisgalindo_lg: si hac #feliz ¬°aument dosis! siempr intent hac mas hac feliz #reilusion #felizmart rt @edelgonzalzj: #donatumedicament aun busqued https://t.co/5iea85jjb0 #donatumedic a√∫n b√∫squed https://t.co/5iea85jjb0 tal soy: doming que.. https://t.co/pkcvtn82py Oposicion 
UsecheMarisol19 octubr dia internacional canc mama, juntos‚Ä¶ https://t.co/uzd7jc2pn3 @rossyvalent @ladivinad si hic reir @rossyvalent olvid momentos! üôà @mokafe_v @mafaldaquot amba inclus üò± rt @hcapriles: "hay ten buen memori despues hab mentido."ma√±an ud protest hrs quiera!ud due√± dchos del‚Ä¶ rt @manriquehector: leopold lopez sig preso. casa, preso.n dej gobiern conviert victori mediati‚Ä¶ rt @computerhoy: sistem oper linux tan segur pens https://t.co/lbonmlwdeh https://t.co/8txjd75tn2 rt @miguel_pizarro: 7:20 pm paramilitar secuestr mas 7 horas. hor sal ultim diput encontraba‚Ä¶ rt @caraotadigital: despues seis hor ‚Äúsecuestro‚Äù invit prens sal #an https://t.co/nltc7shhlb https://t.co/uyab9o‚Ä¶ rt @manriquehector: propong ahor adel nunc mas dig oposicion. democrat luch un‚Ä¶ dia independencia! hoy mas nunc que‚Ä¶ https://t.co/tx7syjasyj rt @olivarescfc: nuev obra: ¬°venezuel decid cambi historia! hoy conmemor #batalladecarabob luch libertad! https‚Ä¶ feliz dia abogados, justici siempr unica‚Ä¶ https://t.co/3lxsnxxz6b com dorm tant desesper alma! com so√± la‚Ä¶ https://t.co/3jzftisyai feliz dia padre, padres, papit papacitos! que‚Ä¶ https://t.co/wxobujdig7 comenz sab energia, fe mejores‚Ä¶ https://t.co/dj7pq0e6t1 ‚òïÔ∏èüòç #caf #juanvaldez #ma√±an #sab #optim #coffe #timecoffe https://t.co/qc7ghsp9rf entren alealva10 sig recomend seri sig sin‚Ä¶ https://t.co/5rlhxtwvr3 rt @hcapriles: salari minimo,mayo:2013- 2.457,02 74,45$2014- 4.251,40 59,04$2015- 6.746,98 14,02$2016- 15.051,19 14,26$2017- 65.0‚Ä¶ @olivarescfc hermos obra dieron ray luz tormenta! her siempr lo‚Ä¶ https://t.co/njsyngfybq Oposicion 
RaizaAraujoGvenezolana. odi diosd tod alma.un vez so√± dab luz gat #bienrar rt @buzzfeedanimals: cat, cat (@merlinragdoll) https://t.co/9fl5ae1gkh rt @cesararamis: venezuel say "i lov you". say "av√≠sam llegues", mean "you'r one last valuabl thin‚Ä¶ @jeffreestar colourpop lux lipsticks, please! üíÑ rt @dalailama: what‚Äô past past, noth chang that. futur differ choos make so. cultiva‚Ä¶ rt @ricardo_hausman: 2005 particip eleccion gobiern hiz dio gana. 2015 gan el‚Ä¶ democracia? hac dic diosd el arrecho? eleccion constitu dic qu‚Ä¶ https://t.co/c7x9w6stkh @vanessaraujog ‚ö° bank america charg fee check account low balanc https://t.co/3tg5kdamj7 1 poll mes gast mas. https://t.co/teotckkqyt rt @fresh_logic: me: walk away argument person: *mumbl shit*me: https://t.co/nn9k20zuvw https://t.co/vawzvmgg3ort @usaenespanol: embaj @nikkihaley: apunt lider religiosos, regim madur nuev muestr import d‚Ä¶ rt @nosabesnadajon: 2014: voy darm gust yend cine2015: voy darm gust com pizz mediana2016: voy darm un‚Ä¶ rt @ricardo_hausman: algui explic @nicolasmadur democraci puebl escog presidente, el‚Ä¶ @jeffreestar girl unbelievable!! like "jeffree, anyth year ago?"they'r trying‚Ä¶ https://t.co/o8fi6zk0ot rt @texashumor: live once, i'm live queso. rt @fmonroy: 1)qu conductor zurd konduct carnet polic polit ilegal 2)qu "colectivos" interveng operativ‚Ä¶ rt @dictadordecorea: dictadur delincuencial, zurd conduct comisari sebin colect hampon hac desplieg pol‚Ä¶ rt @tatehill_: thread gif seen tv ads/infomerci they‚Äôr liter funni underrated: rt @luiscarlos: si, atac cas proxim guion. clap pran comunal potest delat vecinos, a‚Ä¶ rt @torchystacos: honestly, think anyth else? #thursdaythought https://t.co/dq1hnrwc1i Oposicion 
