miguegalimberti,""
1,"#asherivas #loveu #locuras #venezuela https://t.co/b2D766Mr4N"
2,"#rockon #baby #asherivas #venezuela #loveu https://t.co/mbNA1ID0ht"
3,"#rockon #asherivas #venezuela #margarita https://t.co/d85SCw6uKH"
4,"#asherivas #loveu https://t.co/cNKLl1PGEF"
5,"#chistesgraficos #chistes #lol #mujeres #ladies #trans #shemale #hombres #man https://t.co/6eKfNsmSR3"
6,"#chistes #chistesgraficos #lol #vaca #cow #ni√±os #ni√±as #juegos #game https://t.co/CCDSx9uKph"
7,"#gas #ass #camaradegas #chistes #chistesgraficos #lol https://t.co/IRsVT5otGG"
8,"#chistes #lol #viejos #oldman #grandpa https://t.co/Jqt9JhUIrz"
9,"#chistes #lol  #testigo #hombres #man #mujeres #girls #ladies https://t.co/40XqqTpHiy"
10,"#sponsor #patrocinantes #bendecidasyafortunadas üòπ #cosas #mujeres #ladies https://t.co/GlqqhHjucj"
11,"Todos nosotros....SIEMPRE! üòπ 
#sex #hombres #man #mujeres #ladies #seriedad https://t.co/ZbtsW5egE4"
12,"#sex #cosas #galimberti #libros #potd #picoftheday https://t.co/h2Cozptxn9"
13,"Y hablando de #tbt aqu√≠ est√°n algunos #recuerdos #panas #venezuela #venezuelapaiscandela #fire‚Ä¶ https://t.co/tI83J0Ufco"
14,"#galimberti #mentepositiva #mentemillonaria #actitud #potd #picoftheday #follow4follow #lol @‚Ä¶ https://t.co/9yatjnLb6d"
15,"#dalailama #actitudmillonaria #mentepositiva @ Quito, Ecuador https://t.co/XHkNsYwCUh"
16,"#fasttofurious #fast2furious #fastandfurious #animals #animales #burro #gas #gasolina #turbo #nitro https://t.co/otwMYm3Sul"
17,"Apertura de la #fiestacubana en el_cielo_discoteca #teamcielo #working #work #job #venezuela‚Ä¶ https://t.co/2iJ4wK8oW0"
18,"Rompiendo el hielo #galimberti #cosas #venezuela #guarimba #venezuelapaiscandela‚Ä¶ https://t.co/GOg4UZ3bNH"
19,"#luisfonsi #borrachos #reggaetton #cacique #whisky #scotland #venezuela #parodia #despacito #ron https://t.co/JHGAv0kNrf"
20,"#cosas #gato #cat #animales https://t.co/WHQxstR9Rn"
ANAMARIA65,"Anhelante de nuestra Venezuela Bonita, Prospera, Alegre, Decente, Trabajadora con sus virtudes y defectos pero unida como hermanos TODOS...Asi sera!!! Ô£ßÃ£Ã£"
1,"VTV CONSPIRANDO? ü§£ü§£ü§£ü§£ü§£ü§£ https://t.co/OSs6C48roC"
2,"PERO VENDRAN LOS ENCHUFADOS DE MIAMI??? üòÇüòÇüòÇüòÇüòÇüòÇüòÇüòÇ https://t.co/UVSYk8zGMS"
3,"RT @MiguelContigo: La mentira se cae por su propio peso. En VTV la manipulaci√≥n queda al descubierto https://t.co/id62QOjHUS"
4,"RT @hcapriles: Qu√© les pas√≥ VTV?Que cuando se miente y miente, todo el d√≠a se miente para enga√±ar al Pueblo pasan estas cosas!La VERDAD sie‚Ä¶"
5,"RT @LuisOla: DELITO DE LESA HUMANIDAD DE MADURO Y SU PANDILLA. 
#SOSDictaduraEnVenezuela #Sesi√≥nOEA @Almagro_OEA2015 @ONU_es https://t.co/8‚Ä¶"
6,"RT @305_0892: Uuuppppssss!!!! Una peque√±a equivocaci√≥n para los periodistas del Canal 8. #Sesi√≥nOEA

#ParoCivicoNacionalActivo https://t.co‚Ä¶"
7,"RT @RicardoLoDice: Luis Almagro (@Almagro_OEA2015): La comunidad internacional sigue preocupada por la falta de democracia en Venezuela #31‚Ä¶"
8,"RT @hcapriles: Vea #Sesi√≥nOEA Hoy en Caracas! #31May @Almagro_OEA2015 @OEA_oficial https://t.co/dAmxvZn6bn"
9,"RT @JuanAndresMejia: #31May - Mientras se realiza la #Sesi√≥nOEA, as√≠ reprime la dictadura de Maduro en #Caracas. #SOSDictaduraEnVenezuela h‚Ä¶"
10,"RT @LuisFlorido: #SesionOEA: Brasil: Tenemos preocupaci√≥n por propuesta de Constituyente contraria a la propia Constituci√≥n venezolana #31M‚Ä¶"
11,"RT @LesterToledo: "El camino es que la AN recobre funciones,se lleven a cabo elecciones y se constate una verdadera separaci√≥n de poderes"‚Ä¶"
12,"RT @LuisFlorido: #SesionOEA Per√∫: Observamos con gran preocupaci√≥n y angustia el progresivo deterioro de la democracia en Venezuela #31May"
13,"RT @hcapriles: Vea @OEA_oficial HOY en Caracas! #31May #Sesi√≥nOEA El Pueblo contra el fraude de @nicolasmaduro y desafiando las fuerzas cri‚Ä¶"
14,"RT @CNNEE_Confiable: #conclu60DIAS
@NicolasMaduro DENUNCIADO 
X #CHILE ante la HAYA X Cr√≠menes de Lesa Humanidad
„ÄäEl Mundo lo tiene en la m‚Ä¶"
15,"RT @cristiancrespoj: Video tomado desde el Centro Lido de Caracas en el d√≠a de hoy #30Mayo2017 durante protesta y represi√≥n cobarde de la P‚Ä¶"
16,"RT @CNNVenezuela: Si est√°s en Venezuela, mira Conclusiones con @soyfdelrincon en vivo aqu√≠: https://t.co/O66hYV6phl #conclu60D√çAS"
17,"Admirable el pueblo bravo de Caracas #NoALaConstituyente NO NOS DA LA GANA UNA CONSTITUCI√ìN CUBANA, NO AL CASTROCOM‚Ä¶ https://t.co/DI4ZcKxXAa"
18,"@planwac T la Gta"
19,"#SanguijuelasEspias de @teleSURtv #EnchufadosPorElMundo #VzlaEnLuchaYResistencia #350 #NoALaConstituyente NO AL COM‚Ä¶ https://t.co/jTDdMiFvlZ"
20,"T la Gta üëäüò† #SanguijuelasEspias de @teleSURtv FUERA DE VENEZUELA HDP  #EnchufadosPorElMundo‚Ä¶ https://t.co/5kXRINdtNl"
amurillow,"Venezolana. Amante de los arboles y el vino/ Venezuelan. Tree and wine lover. CARPE DIEM always seize the day. #fueramaduro"
1,"Y q mas necesitan? @OEA_oficial  @Almagro_OEA2015 @ONU_derechos @ONU_es https://t.co/y8QaxGuouI"
2,"Thanks to your killer deal buying hunger bonds Maduro's gov will keep killing on the streets. You just financed a g‚Ä¶ https://t.co/1yMrPyiN74"
3,"No vas a poder @NicolasMaduro, esta vez el pueblo si est√° en las calles sin miedo y resistente. No vas a ganar esta pelea, asesino."
4,"Uso de armas directamente a los manifestantes en Venezuela @Almagro_OEA2015 @OEA_oficial @ONU_derechos @ONU_es viol‚Ä¶ https://t.co/NCEBLO0iZh"
5,"RT @randompiece: Podemos empezar por no disparar con metras, ni directo a manifestantes... Despu√©s vemos si dialogamos. https://t.co/4EJl9W‚Ä¶"
6,"And at the same moment @GoldmanSachs buys hunger bonds to finance tear gas&amp;weapons to a drug trafficking sanctioned‚Ä¶ https://t.co/UcGMd9l3Sq"
7,"Goldman Sachs ended up financing a government whose President and VP are linked to drug trafficking and even sancti‚Ä¶ https://t.co/6OK9o8zQ3T"
8,"In case you guys care for reputational risk @GoldmanSachs @Goldman_SachsPR @GSCareers https://t.co/01sMKIb3aP"
9,"RT @juliocastrom: El gobierno cierra di√°lisis peritoneal , trasplantes cadav√©ricos y procura de √≥rganos , los pacientes renales se quedan c‚Ä¶"
10,"RT @MariaAlesiaSosa: Dos de nuestros orgullos del f√∫tbol se suman hoy a la lucha en la calle por Venezuela. Grandes Vinotinto @juanpianor1‚Ä¶"
11,"RT @josetorohardy: Bien desesperado tiene que estar el r√©gimen para liquidar bonos PDVSA con un descuento del 70%"
12,"RT @Ricsmaal: #goldmansachs supports and finances the #dictatorship in #venezuela | Money is never a good‚Ä¶ https://t.co/aaS5qNtjWx"
13,"RT @educasugente: Maduro decreta la muerte a los enfermo cr√≥nicos, al prohibir env√≠o de medicamentos por familiares desde el exterior https‚Ä¶"
14,"Y tambien Dinosaur Securities, LLC.. https://t.co/uT8rpwGWdg"
15,"And also financing a country whose P and VP have ties with drug trafficking and sanctions by US. Where is the SEC,‚Ä¶ https://t.co/SrGR28erWR"
16,"Lectura obligatoria https://t.co/9rt7AWzzZ2"
17,"Y yo quiero verlo con estos ojos como van a pagarle... https://t.co/8XKZNmHyWY"
18,"RT @ricardo_hausman: I hope the @FBI can investigate the transaction between the Central Bank of Venezuela, Goldman Sachs and an obscure fi‚Ä¶"
19,"GoldmanSachs financed a government whose President and VP are linked directly to drug trafficking and even sanction‚Ä¶ https://t.co/NZ1wV0LfLQ"
20,"RT @adricultura_: Un carajo que perfectamente pudiera estar viviendo en Nueva York o Par√≠s. Eso s√≠ es #Resistencia https://t.co/aJn9y9FJln"
UPYDEuskadi,"Cuenta oficial de UPYD Euskadi. 
Tambi√©n en Facebook: https://t.co/8yUGvpljpG"
1,"RT @upyd_prensa: üì∞ @UPYDEuropa y @maitepagaza entre los que rinden cuentas ante el Parlamento Europeo y devuelven las #eurodietas.
https://‚Ä¶"
2,"RT @UPYDEuropa: Pagazaurtund√∫a ante la COSAC: ‚ÄúEuropa no debe tolerar la muerte de m√°s de un ni√±o al d√≠a en el Mediterr√°neo‚Äù
https://t.co/6‚Ä¶"
3,"RT @maitepagaza: Desde 2014 pido al Parlamento control y soy coherente con lo que digo
https://t.co/KpKvusUsCJ"
4,"RT @UPYD: @maitepagaza @javieroboe @NievRomero @UPYDEuropa @Daniel_Sanz_C @Carlos_CotonG @Jurriza_ @guillepaniagua @Cristiano_Brown @Asun_f‚Ä¶"
5,"RT @UPYD: "@maitepagaza¬†hizo un ejercicio de transparencia y entreg√≥ los registros desglosados de esa dieta".
https://t.co/x3ZgOBo62m #euro‚Ä¶"
6,"RT @UPYD: Mariano Rajoy tendr√° que declarar en persona por la G√ºrtel. Un plasma es un plasma, y un juicio y es un juicio. https://t.co/hGqR‚Ä¶"
7,"RT @UPYD: üáªüá™ UPYD hemos asistido a la Marcha por Venezuela. @LaVanguardia recoge las declaraciones de @Cristiano_Brown: https://t.co/1faGhn‚Ä¶"
8,"RT @UPYD: üáªüá™ Los compa√±eros de UPYD con @Cristiano_Brown a la cabeza en la Marcha por Venezuela. Queremos libertad en Venezuela y a Maduro‚Ä¶"
9,"RT @seamos_una_voz: Camino #Madrid para sumarme a la Marcha #28M por #Venezuela. Una gota + en este oc√©ano q con fuerza grita #Libertad htt‚Ä¶"
10,"RT @manuelmadrid_: Ya de camino a desayunar con buenos amigos q vienen dsd lejos para marchar hoy #28M en solidaridad con #Venezuela #NoMas‚Ä¶"
11,"RT @UPYD: üåæüçû Pedimos obligatoriedad de fijar men√∫s sin gluten en centros educativos #DiaNacionalDelCeliaco #movimientoceliaco #SinGluten ht‚Ä¶"
12,"RT @Cristiano_Brown: Reiteramos nuestro compromiso con las Fuerzas Armadas en su d√≠a. Gracias por vuestra gran labor. https://t.co/r9mXptaq‚Ä¶"
13,"RT @UPYD: Porque su gran labor en misiones humanitarias es desconocida. Porque defienden los DDHH y a la democracia. Feliz d√≠a de las Fuerz‚Ä¶"
14,"RT @UPYD_Vitoria: üîµ‚ö™Ô∏è¬°Toda nuestra fuerza y apoyo al @Alaves! ¬°A por la copa üèÜ! #GoazenGlorioso #FinalGloriosa ‚ö™Ô∏èüîµ https://t.co/tbNJQ8l18V"
15,"RT @UPYD: Si como Wyoming t√∫ tambi√©n ves a @UPYD como una alternativa al @PSOE, puedes afiliarte en: https://t.co/cqvGatiVBY
üéûÔ∏èhttps://t.co‚Ä¶"
16,"RT @javieroboe: Espa√±a ofrece 48 f√°rmacos para enfermedades raras; en EE UU hay 230. @UPYD siempre hemos apoyado.

https://t.co/JRXtF2cCNM‚Ä¶"
17,"RT @UPYD: #FF a todos los Consejos Territoriales de UPYD que trabajan d√≠a a d√≠a para mejorar nuestro proyecto üòä #FelizFinde https://t.co/2T‚Ä¶"
18,"RT @Renerodriguez_: Lo siento pero lo tengo que decir...sois muy sinverg√ºenzas y muy mentirosos.¬°Ya est√° bien de enga√±ar! #ElCascabel25M ht‚Ä¶"
19,"RT @seamos_una_voz: @CiudadanosCs @Albert_Rivera una peque√±a apreciaci√≥n a su memoria Nemo. Est√° bien que voten NO, pero @upyd ya vot√≥ NO e‚Ä¶"
20,"RT @pakitin_tintin: Hola @Albert_Rivera y dem√°s @CiudadanosCs . Aqu√≠ ten√©is: https://t.co/Z0Tiky3aKs
De nada! :D https://t.co/qlPnMLJw74"
EveWeb,"Child of God, English teacher at Universidad Central de Venezuela, ELT technology consultant, teacher trainer, e-moderator, community manager, mom & wife."
1,"RT @jjgmendez: Exijo a @Defensoria_Vzla @TarekWiliamSaab que impugne Bases Comiciales de #AsambleaConstituyente https://t.co/2qduth4aiL‚Ä¶ #P‚Ä¶"
2,"RT @jjgmendez: Exijo a @Tibisay_Lucena @SandraOblitas @taniadamelio  @taniadamelio paralice proceso electoral Constituyente https://t.co/2q‚Ä¶"
3,"RT @flaconauta69: Primer muerto en #Montalban por protestas. Se llamaba Luis Travesado llego muerto al P√©rez Carre√±o #asesinado por Bomba l‚Ä¶"
4,"RT @thayspenalver: El Sargento Espinoza de la GN detuvo a nuestro compa√±ero de @RCR750 @KenyerJK Kenyer Jaramillo, productor de Radio Carac‚Ä¶"
5,"RT @MiguelContigo: URGENTE. El periodista y productor de RCR,Kenyer Jaramillo, lleva 3 horas secuestrado por la GNB en El Para√≠so #Caracas‚Ä¶"
6,"RT @RCR750: #URGENTE Radio Caracas Radio exige a la Fuerza Armada Nacional la pronta liberaci√≥n del periodista Kenyer Jaramillo, detenido e‚Ä¶"
7,"Una iniciativa popular para alcanzar la inclusi√≥n educativa - El Diario de la Educaci√≥n https://t.co/hnUnLtnsZA"
8,"The latest Technology in ELT! https://t.co/6TubCv5hU1 Thanks to @fabrizio_renzi #socialmedia #edchat"
9,"Thanks @AndresRamosVE @Raqueltbr for being top engaged community members this week :) üîπüÜìGrow followers ‚û™ https://t.co/Pnjrezya84 üÜìüîπ"
10,"Thanks for the retweets this week @Yuditaburunes @Luze09Luz much appreciated :) (Want this? It's FREE! https://t.co/xrZlZFFf3v)"
11,"RT @DonaMed_VE: #ATENCI√ìN: Donamed no vende medicamentos NUNCA. Si alguien te contacta usando nuestro nombre para venderte un medicamento:‚Ä¶"
12,"RT @NoticiasVenezue: Presidente del Europarlamento: El llamado a la Constituyente es un nuevo golpe de Estado que busca consolidar al https‚Ä¶"
13,"RT @JulioBorges: Pte Europarlamento: "Llamado a Constituyente es fraudulento. Solo el pueblo puede convocar una Constituyente" #31May https‚Ä¶"
14,"RT @ObservadBinario: Mientras la gente, anticipadamente se deprim√≠a con la OEA, el Europarlamento nos mand√≥ un regalo que vale por mil OEA.‚Ä¶"
15,"RT @LuisFlorido: Maduro rompi√≥ orden Constitucional y la soluci√≥n es su salida del Poder. Hoy el mensaje en la calle a cancilleres OEA es #‚Ä¶"
16,"RT @PoleoRafael: Parlamento Europeo y la UE podr√≠an sancionar al gobierno venezolano (Videos) https://t.co/qKsbvhZKUk"
17,"RT @VenezuelaAnons: Buenos d√≠as hermanos. Recordemos que a√∫n en momentos de crisis no podemos abandonar nuestra humanidad. Eso es lo que no‚Ä¶"
18,"RT @danielaccamposc: La justicia es imperecedera, Rodriguez Torres. "Ir de la mano de Dios" no te salvar√° de pagar las atrocidades a las qu‚Ä¶"
19,"@AURMVV @RodriguezT4F No necesariamente, pero lo que s√≠ es cierto es que hay gente que usa la palabra de Dios para‚Ä¶ https://t.co/cgP4AzNmfX"
20,"@RodriguezT4F Los delitos de lesa humanidad no prescriben, se√±or. A usted se le olvid√≥ Dios y eso tendr√° sus consec‚Ä¶ https://t.co/ZXZbit6VUH"
ZephKF,"I love ME, I love YOU, I Love US! ;P"
1,"RT @DolarToday: https://t.co/J5ItiRwHox"
2,"RT @trafficVALENCIA: via @auramar43: Dentro de tantas noticias malas despertarse y saber que la vinotinto Sub 20 gano a Mex y paso a 8vos e‚Ä¶"
3,"@ottoabarca No me spoilees @ottoabarca ja ja ja ja"
4,"@ottoabarca Ya lleg√≥ @ottoabarca Lo que se acerca es la mataz√≥n ji ji ji"
5,"RT @JuegoDeTronosTM: Nuevo TRAILER OFICIAL de la 7¬™ Temporada de "Juego de Tronos"!!!

https://t.co/uECqYuZdHD"
6,"RT @Naky: Cuando el ministro Reverol afirma que hay francotiradores "contratados por la derecha terrorista", ¬øhabla de estos? https://t.co/‚Ä¶"
7,"RT @Alc_SanDiego: Conoce los servicios que se ofrecen en nuestro Centro M√©dico Pedi√°trico Dr. Jos√© Gregorio Hern√°ndez | #SanDiegoEs Salud.‚Ä¶"
8,"RT @periodicovzlano: ‚ñ∫ El perro que no abandon√≥ a su due√±o tras un accidente (Fotos)
 
https://t.co/VyfrXfdSsQ https://t.co/9ysTlei6ao"
9,"RT @OliverGLopez: Lo lamento familiares de los ENCHUFADOS pero nosotros no le impusimos a ustedes la vida de ricos que hoy llevan a costa d‚Ä¶"
10,"RT @MariaCorinaYA: La Protesta. Esto es Venezuela hoy. Que estas im√°genes le den la vuelta al mundo!!! Ay√∫danos! https://t.co/12nkJCbtoe"
11,"RT @Laura_Weffer: Ahora s√≠, est√° el v√≠deo completo de la coral cantando "Los miserables" en el Sambil. V√©anlo, por favor! (Antes lo hab√≠a p‚Ä¶"
12,"RT @SergioVergaraG: Grande @TomasRincon5 !!! Hoy en la semifinal de la Champions respaldando nuestra lucha #VzlaContraLaDictadura PRIMERO V‚Ä¶"
13,"RT @DolarToday: ‚ÄúES DIOS CANT√ÅNDOLE AL O√çDO‚Äù: El mensaje de Oscarcito a joven violinista que resisti√≥ la represi√≥n -‚ñ∫ https://t.co/DNnVuZ5t‚Ä¶"
14,"RT @DolarToday: https://t.co/yQ8WZhtO4V"
15,"RT @DolarToday: #MilitarVenezolano El R√©gimen te tiene como un est√∫pido.."La peor estupidez de un militar es no darse por enterado que √©l t‚Ä¶"
16,"RT @DolarToday: Hambruna, pobreza y miseria es lo √∫nico que nos ha dejado esta mal llamada revoluci√≥n. ¬°YA BASTA! https://t.co/OS50Q97QHE"
17,"RT @DolarToday: "Nadie se nos montar√° encima si no doblamos la espalda" - Martin Luther King"
18,"RT @ResistenciaV58: Piquete de la GNB fue atacado con bolsas llenas de excremento, 14 "funcionarios" se vomitaron encima ASQUEROSAMENTE EFE‚Ä¶"
19,"RT @leopoldolopez: Sigamos! La salida est√° en la calle, en c/u d nosotros. No se puede reprimir a todo el mundo, todo el tiempo. Millones s‚Ä¶"
20,"RT @leopoldolopez: Soldado venezolano: la Constituci√≥n y el pueblo te proteger√°n si decides desobedecer √≥rdenes ilegales e injustas"
A_picasso,"Digital marketing consultant, social media strategist. Author @The_MarketMogul. Founder of Emerging Markets Today #emergingmarkets #Brazil #BRICS"
1,"How Vietnam Is Moving Into The Future, One scooter at the time https://t.co/FhH5DTKGvK #ASEAN #economy #development‚Ä¶ https://t.co/Y7Pd5JmFhY"
2,"Functional beverages in Asia: Start-ups need to 'redress the health balance' https://t.co/UP9ElFf48D @sophia_isa‚Ä¶ https://t.co/Rfa0jZCDt3"
3,"For China Now, the Only Question Is the Size of the Bill - Bloomberg https://t.co/fF4NENiRbD #emergingmarkets https://t.co/WuSIfDnwPc"
4,"Africa reborn ‚Äì the first glimmers of a new dawn https://t.co/hvUt16RPJ9 #Africa #economy #development"
5,"Recommended read on @Medium: ‚ÄúBrazil had 9 startups with a market cap over R$1 Billion in the last decade‚Äù https://t.co/aVBJXjqB0v"
6,"RT @ezanette95: #Amazon faces destruction as Brazil‚Äôs farmers and loggers target Ricardo Franco park  #deforestation #wildlife https://t.co‚Ä¶"
7,""More women writers: 2 easy steps to start blogging" https://t.co/Gnb3NlYyzc by @A_picasso #blogging #women #empowerment"
8,"When ‚ÄúMade In China‚Äù Means Sustainable, Ethical, And Expert https://t.co/qRNy8sWN8E #sustainable #fashion‚Ä¶ https://t.co/jT7aEAZzpm"
9,"Big alcohol is poised to expand into Africa. Why this is bad news for health https://t.co/wuDoyrtC8x #Africa #FMCG"
10,"Renewable energy growth continues, powering jobs especially in Asia https://t.co/geQKlGhxQm #renewables #sustainability #energy"
11,"the world's largest floating solar plant starts producing power in huainan, china https://t.co/VMUyQUubKk #clean #solar #energy"
12,"Forget Milan. African Fashion Is Taking Over the World. https://t.co/Osd4RVVZZj #vivaAfrica #Africa #fashion‚Ä¶ https://t.co/GKRXqegHfc"
13,"Chinese smartphone brands now account for 24% of global market https://t.co/PwlGkMosUN #mobile #emergingmarkets"
14,"I doubt he'll spend a day in prison: Brazil‚Äôs federal deputy Paulo Maluf given 7 years in prison‚Ä¶ https://t.co/gl5s2IkTMZ"
15,"How A Collapse In South America Could Trigger Martial Law In The U.S. https://t.co/2aMOP3wCoc @EM_Equity #Venezuela‚Ä¶ https://t.co/QOqONfPNYB"
16,"The Emerging Markets Weekly is out https://t.co/JROetWFYN5 Stories via @7nJBU3IzHxDq8jf @traveltoindon @joan_shyam #emergingmarkets"
17,"In Brazil‚Äôs crooked politics, is anybody playing fair? A search for an honest political¬†player‚Ä¶ https://t.co/Ue7DwFBb2V"
18,"The Emerging Markets Weekly is out https://t.co/JROetWFYN5 Stories via @eaisamak @plus55_com @FLEXIAPPS1 #brazil #emergingmarkets"
19,"Is China the Last Bastion of Globalisation?:
https://t.co/4SutaEkajC #economics #growth #emergingmarkets‚Ä¶ https://t.co/AyNUrIpIiQ"
20,"Amidst the scandal, JBS escalate plans to invest in the United States https://t.co/7PpE5FN3ul #Brazil #JBS #Friboi‚Ä¶ https://t.co/TnGbgxgRcf"
VzlaResiste,"NO hay camino para la LIBERTAD, la LIBERTAD es el camino/ Informaci√≥n confirmada! #VzlaResisteInforma"
1,"The latest El Diario de la Gorra! https://t.co/cqAiIYu2bJ #nacionales #atodomomento"
2,"The latest El Diario de la Gorra! https://t.co/CSmxyw5bh6 Thanks to @globovision #tecnolog√≠a #nacionales"
3,"The latest El Diario de la Gorra! https://t.co/XHBc0qmjxz Thanks to @ElviaGomezR #atodomomento #30may"
4,"The latest El Diario de la Gorra! https://t.co/TPDwdyabsu #30may #nacionales"
5,"The latest El Diario de la Gorra! https://t.co/QxP5BOOfTV #atodomomento #29may"
6,"The latest El Diario de la Gorra! https://t.co/DGPqQoFg0T Thanks to @globovision #socop√≥ #cuba"
7,"The latest El Diario de la Gorra! https://t.co/RdYq6amEzE #nacionales #salud"
8,"The latest El Diario de la Gorra! https://t.co/rxtjxrDxCR #parociviconacionalactivo #28may"
9,"The latest El Diario de la Gorra! https://t.co/HWD3CNj0RO #atodomomento #curiosidades"
10,"The latest El Diario de la Gorra! https://t.co/mYZrb03qI0 Thanks to @globovision #internacionales"
11,"The latest El Diario de la Gorra! https://t.co/N5Qy8rwitY Thanks to @ElviaGomezR #atodomomento #26may"
12,"The latest El Diario de la Gorra! https://t.co/a322ikmz20"
13,"RT @WILLIEGLUGO: El desgobierno crea confusi√≥n,  desconcierto y angustia entre los vzlanos q qremos un Cambio Radical en pol√≠ticas d Estado‚Ä¶"
14,"RT @rdvelandia: @WILLIEGLUGO @lemonflower79 @YingYang_Vzla @tativzla21 @salcedofloresVV @pelonalatake010 @VzlaResiste @VzlaYuma @VeneSysAlp‚Ä¶"
15,"RT @made_prieto: @rdvelandia @WILLIEGLUGO @lemonflower79 @YingYang_Vzla @tativzla21 @salcedofloresVV @pelonalatake010 @VzlaResiste @VzlaYum‚Ä¶"
16,"RT @rdvelandia: @made_prieto @WILLIEGLUGO @lemonflower79 @YingYang_Vzla @tativzla21 @salcedofloresVV @pelonalatake010 @VzlaResiste @VzlaYum‚Ä¶"
17,"RT @rdvelandia: @made_prieto @WILLIEGLUGO @lemonflower79 @YingYang_Vzla @tativzla21 @salcedofloresVV @pelonalatake010 @VzlaResiste @VzlaYum‚Ä¶"
18,"The latest El Diario de la Gorra! https://t.co/9EXLZQiQvA #25may #atodomomento"
19,"The latest El Diario de la Gorra! https://t.co/iUZU6V20HC #runrunes #25may"
20,"The latest El Diario de la Gorra! https://t.co/r8SUgZK4f7 Thanks to @ElviaGomezR #atodomomento #salud"
Kattybcn,"Expreso lo que siento si alguien quiere compartirlo bienvenido. Cine,Fotograf√≠a,Ciencia,Pol√≠tica y otros.Nunca existir√° paz si  hay postraci√≥n al terrorismo"
1,"RT @giomiliani: Atenci√≥n @CNNEE, @bbcmundo, @ReutersVzla, @euronewses, @Almagro_OEA2015, @OEA_oficial, @AFPespanol, @dw_espanol, @AP, @real‚Ä¶"
2,"RT @VincentKeeling: Ok after far too many days &amp; weeks, I think I am finally finished this little painting of South William Street:) #oilpa‚Ä¶"
3,"RT @socreativepics: Artists Cut Raw Food Into 98 Perfect Cubes To Make Perfectionists Hungry https://t.co/WcvD5Dme9s"
4,"RT @oppenheimera: Goldman Sachs should pay a price for throwing a $2.8 billion lifeline to Venezuelan regime. See: https://t.co/mNnZnh06Dj‚Ä¶"
5,"RT @elnuevoherald: Canciller de M√©xico Videgaray: 'Venezuela no es una democracia'
https://t.co/KV2OpT7ta4 (@El_Leon) https://t.co/ea3H1ZxF‚Ä¶"
6,"RT @Jcervantes59: @Kattybcn @79Bethlis @akenatton3 @Linitanueva @Catmausan @VickyDavilaH @DCoronell Todo oscuro como el caso de @DCoronell‚Ä¶"
7,"RT @LetrasBreves: "El vino siembra poes√≠a en los corazones."

Dante Alighieri.

A 752 a√±os de su nacimiento. https://t.co/Mzg5KRZmo7"
8,"RT @Brilliant_Ads: Bangalore Traffic Police: "Don't talk while he drives." https://t.co/KNILBBksLg"
9,"RT @Brilliant_Ads: internetsegura.br: On internet some things are not what they seem to be. Know how to surf safe. https://t.co/sbpqFkkyot"
10,"RT @AgroindustriaAR: ¬øC√≥mo armar una #huerta en 1 metro cuadrado? Mir√° ‚Üí https://t.co/8R4qjRgzzB https://t.co/BNARERzeiv"
11,"RT @MaryAnastasiaOG: Why are Argentina's victims of terrorism erased from memory by officialdom? https://t.co/K5lhBzvmF6"
12,"RT @JuanpTello: Hasta ahora me entero que el periodista estrella del GRC, propiedad del cartel de Cali, @nestormoralesc, me tiene bloqueado‚Ä¶"
13,"RT @claraluclara: Siempre lo hemos dicho pero esta rata de alcantarilla @JuanManSantos les cambi√≥ el estatus , #santosRenunice PERRO. https‚Ä¶"
14,"@NANACHAGU @cesarfloreza @CesarMa32324239 @2012Cachas @jaime4106 @darelmoraleslop @monikquinterog @ANNALVAREZG‚Ä¶ https://t.co/RGDjd201hg"
15,"RT @NANACHAGU: @2012Cachas @jaime4106 @darelmoraleslop @monikquinterog @CesarMa32324239 @ANNALVAREZG @javisolojavi @InTweetiva @TCaribeVeed‚Ä¶"
16,"RT @NANACHAGU: @cesarfloreza @CesarMa32324239 @2012Cachas @jaime4106 @darelmoraleslop @monikquinterog @ANNALVAREZG @javisolojavi @InTweetiv‚Ä¶"
17,"El q a√∫n se crea el cuento imbecil de la tal guerrilla por la libertad, igualdad y tal, est√° MUY MAL .NARCONEGOCIO‚ùó
https://t.co/gBMNkGq8GP"
18,"RT @CRoldanV1: "Acuerdos Farc y Santos son ileg√≠timos,fueron en contra de la voluntad del pueblo,expresada en el voto con el plebiscito" @R‚Ä¶"
19,"RT @NASA: We've renamed our first mission to touch the sun as the Parker Solar Probe in honor of astrophysicist Eugene Parker: https://t.co‚Ä¶"
20,"RT @ElPollo0455: Que vayan de noche porque de dia es como duro eso https://t.co/7Hoq0Uug9E"
500law,"We are a full service, Fort Lauderdale-based law firm focusing on intellectual property, business, immigration and entertainment law and litigation."
1,"Eleventh Circuit affirms that a #copyright registration is a prerequisite to an #infringement suit. https://t.co/MU4wqgAxWx"
2,"#Venezuela #sosvenezuela #caracas #immigracion #immigration #resist https://t.co/vqibpIXBFR"
3,"We are closed on Monday. #MemorialDay #MemorialDayWeekend https://t.co/7kPVFmgWbN"
4,"Michael Santucci will be co-hosting this exciting live video CLE tomorrow at 10:00am. On-demand version will be... https://t.co/Mwz04Mzs29"
5,"#PandoraRadio sued by #Paypal for #copyrightinfringement over "P" #logo. https://t.co/uqJBOpaIUl"
6,"I posted a new video to Facebook https://t.co/JQI4LV7PSM"
7,"#Patent infringement #lawsuit transferred away from Eastern district of #Texas. https://t.co/CPM7zLYGBG"
8,"Can a #joke be copyrighted? #copyrightinfringement #conan #lawsuit https://t.co/Tng22Vzzcc"
9,"#Zenimax turns on #Samsung after victory in #Oculus #VR suit. https://t.co/x3A18Zj0Ln"
10,"Life is Hell in #Venezuela.

#sosvenezuela #caracas #immigration #resist #libertad https://t.co/C6z9mdRQ9w"
11,"How the #FidgetSpinner Origin Story Spun Out of Control #Patent #PatentAttorney https://t.co/n6j7YRpXbC"
12,"#venezuela #sosvenezuela #caracas #immigration #immigracion #resist #resistance https://t.co/4wrKSEA6TY"
13,"#Spain protests on behalf of #Venezuela.

#resist #sosvenezuela #immigration #immigracion https://t.co/DT9PekbsqR"
14,"The people demonstrating in this video are inspiring. 
#venezuela #caracas #venezuelasos #protests #resistance... https://t.co/rVzCtD9n9E"
15,"#venezuela #sosvenezuela #caracas #immigration #immigracion https://t.co/Zm3OS9nOLI"
16,"Our prayers go out to our families, friends and clients in #Venezuela. #immigration #caracas #sosvenezuela https://t.co/V3Q7dXnKEo"
17,"#Nintendo wins #patent case against #RecogniCorp. https://t.co/YqDDWdWOB8"
18,"#DJSnake has been sued for #copyrightinfringement regarding 'Turn Down for What.' #edm #liljon #music https://t.co/hnEI5X690a"
19,"#Khloe #Kardashian sued by #paparazzi agency for #copyrightinfringement. https://t.co/nslS6Ew1L1"
20,"#Eminem #lawsuit against #NewZealand political party begins. #copyrightinfringement #copyrightlaw #copyright https://t.co/Yn6Dbm4V8G"
jesusgonzalezx,"22. Ingeniero Electricista / Sue√±o Con Una mejor #Venezuela #DreamBig‚úå"
1,"RT @vozdelcampo: La negra Rosaura descargaA Maduro https://t.co/f7X8YiuRf9
#ConstituyenteChimba
William Ojeda
Parque Las Am√©ricas
#GoldmanF‚Ä¶"
2,"RT @sinverguenchon: #30Mayo Un Peladero de Chivo #Marcha oficialista hacia Min-Interior en apoyo a Constituyente. Av. Urdaneta @Sororita ht‚Ä¶"
3,"RT @ElPoliTwico: .@delsasolorzano Maduro es el responsable directo: General Reverol: sin pelos en la lengua: Usted es un A-SE-SI-NO!! https‚Ä¶"
4,"Q bonito es ver una propaganda d la brutal represion en Venezuela por @CaracolTV @NoticiasCaracol luego de √âl Desaf√≠o, #ConstituyenteChimba"
5,"RT @MariaCorinaYA: IV. A Maduro y a los cubanos, que les quede claro: ni la constituyente va, ni dejamos la calle; ustedes se van!"
6,"#SiVeoAMaduroDeFrenteYo le meto su co√±azo y lo escupo."
7,"RT @SiguemeTsigo32: ( DINAMICA ) üéßüé∂

üíëRT &amp; FAV a este tweet‚àö
üíã Sigue a los RT  y FAV

üå† Sigue de vuelta a todos

#SIGUEMEYTESIGO .

ACTIVA‚Ä¶"
8,"RT @SiguemeTsigo32: #SabadoDeGanarSeguidores 

Din√°mica Magic! 
 üíû #SiguemeyTeSigo
 üåüSigue a todos los que den RT y ‚ù§  

Besos! üíïüíãüíã abrazos"
9,"RT @freddysalas: Oye, oye la m√∫sica... #YoSoyLibertador https://t.co/xvKuT8mZh6"
10,"@virgendervalle @gariej @AherzAntonio @anat5 @anaderodriguez @PatriciaDorta40 @camuniafilada @Guerrilla4Feb‚Ä¶ https://t.co/viDYPY7zNC"
11,"RT @TorresAren: #LaConstituyenteVa Que clase d gobierno es aquel que Arma militantes de un partido para matar a civiles indefensos? UN..
NA‚Ä¶"
12,"RT @gualbertoabad: #25May de 1881, se establece el "Gloria al Bravo Pueblo" como Himno Nacional de Venezuela. ¬°HOY LO ENTONAMOS M√ÅS FUERTE‚Ä¶"
13,"Ojal√° que los rumores de las muertes en #Socopo sean tan falsos, como la imagen de M√©xico que esta circulando."
14,"@jcnova28 Listo, ojal√° y sea de otro lado, ya lo elimine."
15,"@GabrielGonz16 Listo, ojal√° y sea de otro lado, ya lo elimine."
16,"RT @YerimayAngel: AUDIO | Se reportan varios heridos (POR CONFIRMAR)  #Socopo #Barinas #24May  https://t.co/aejJ6KYRH5"
17,"RT @IndignadosVezla: ATENTOS, nuestro equipo en #Socopo nos informa q al parecer un grupo de exterminio llego al puente y disparo a todo el‚Ä¶"
18,"Atentos a #Socopo de Barinas, se hablan de muchos muertos. #24May"
19,"RT @MariaCorinaYA: Yo, como venezolano, declaro: https://t.co/yCmsO6TSw4"
20,"RT @mariogarciag: Luisa Ortega Diaz lo acaba de ratificar. A Juan Pernalete lo asesino un GNB por impacto de bomba lacrim√≥gena"
lcaromunoz,""
1,"total de enchufados,subnormales y locos 15,4% q casualidad... https://t.co/MD5iMwUOGu"
2,"RT @guarito_21: Nos toc√≥ muy duro y violento salir de estos criminales, pero no estamos solos, nos tenemos a nosotros mismo y somos muchos,‚Ä¶"
3,"RT @gatewaypundit: Comedienne Roseanne Barr on Kathy Griffin: I Would "Slap the F*ck Out of the B*tch" https://t.co/0ZrhtCD78v"
4,"RT @hcapriles: La diplomacia madurista!Esta gente no representa a los venezolanos!Hay que reconocer su infinita capacidad del rid√≠culo y la‚Ä¶"
5,"RT @nypost: Trump tweeted that 11-year-old Barron is having a difficult time with the gory image https://t.co/yZ09bREHED"
6,"RT @PrisonPlanet: The left thinks they're gonna recover the moral high ground after the Kathy Griffin disaster by attacking the 11-year-old‚Ä¶"
7,"RT @GomezMarcos: Disparan a corta distancia bomba lacrim√≥gena a obrero que se encontraba en construcci√≥n en las Mercedes, Caracas #31M üÜò Qu‚Ä¶"
8,"RT @LuisCarlos: La historia de los estudiantes de medicina que intentaron salvar la vida de Augusto Puga en la UDO-Bol√≠var:
https://t.co/ro‚Ä¶"
9,"RT @AndresVelasqz: Bolivar a.la carga. Fuerza Venezuela https://t.co/VZN6AgEqyd"
10,"RT @puzkas: Mientras el CNE acelera para complacer con la ANC ya es oficial la devaluaci√≥n en el Dicom, que pas√≥ de Bs 700 hasta Bs. 2010 p‚Ä¶"
11,"RT @NTN24ve: Sancionado un Guardia Nacional por atacar con gas lacrim√≥geno a grupo de vecinos que rezaba por la paz de Venezuela  https://t‚Ä¶"
12,"RT @davidluhnow: Our hospitals are filling up with malnourished kids in serious condition with long hospital stays, says Venezuela nutritio‚Ä¶"
13,"RT @rolandcarreno: Tan fariseos, farsantes y felones como siempre. https://t.co/F6ycA8K6DX"
14,"@DonaldJTrumpJr plus, I could take it as if  she "banalizes" isis' terrorism treat or at least try to. No beheading is a joke. it cant be."
15,"RT @MariaCorinaYA: 1. Hoy me preguntan si realmente estamos avanzando al volver a la calle d√≠a tras d√≠a. La respuesta es: ABSOLUTAMENTE S√ç!"
16,"RT @elcitizen: Hoy el general en jefe Padrino Lopez consigui√≥ un acenso, Mariscal Superior de los ej√©rcitos represivos."
17,"RT @josetorohardy: Los chavistas vinieron con sus resentimientos y sus odios. Se ir√°n dejando como legado la pobreza, el paludismo, la dift‚Ä¶"
18,"RT @porlagoma: La PNB asalt√≥ al heladero en Las Mercedes, se comieron todos los helados, fue un atraco, ellos iban armados contra un vended‚Ä¶"
19,"RT @HimiobSantome: Contraste de n√∫mero de heridos con el de detenidos en protestas recientes revelar√≠a que patr√≥n represivo cambi√≥ a "herir‚Ä¶"
20,"RT @RArgimiro: Siguen matando siguen violando los del gobierno de delincuentes corruptos y enchufados.  Pero ellos no leen no saben de hist‚Ä¶"
HildamariaVac,"Los Angeles, California"
1,"RT @jmecuador92: @CarlosVerareal Y ah√≠ siempre estuvo la encrucijada. Lenin puede unir al Ecuador pero desuniendo a su partido que tiene fa‚Ä¶"
2,"RT @CarlosVerareal: Desate de trolls y cuentas reci√©n abiertas,todas en la l√≠nea insultante y calumniadora del ex-P. Para ellos,Moreno no e‚Ä¶"
3,"RT @AniMeGalarza: ¬°Qu√© dif√≠cil es entender DEMOCRACIA! Llegas, sirves, te vas. Jam√°s he visto un show semejante. Si no comprende eso se agr‚Ä¶"
4,"RT @AnaMercedesDiaz: Hasta que la AN pida ayuda internacional para parar el genocidio en lugar de pedir elecciones. https://t.co/gh0WqA98Nc"
5,"RT @Patrick5060: La ambici√≥n y el sembrar odio te envejece y te arruina la Vida. https://t.co/HkMNUESw40"
6,"RT @el_telegrafo: #Moreno reitera que se mantendr√° la dolarizaci√≥n y no habr√° moneda paralela‚ñ∫https://t.co/qNJ702Qlai https://t.co/RShHpj5F‚Ä¶"
7,"RT @el_telegrafo: .@Lenin: Durante estos diez a√±os recuperamos el Estado para los ecuatorianos. Solo as√≠ logramos la garant√≠a de sus derech‚Ä¶"
8,"RT @el_telegrafo: .@Lenin confirma la supresi√≥n de los Ministerios Coordinadores, Secretar√≠a Nacional de la Administraci√≥n y Secretaria del‚Ä¶"
9,"RT @el_telegrafo: #Moreno present√≥ a su equipo de trabajo y fij√≥ las metas de su administraci√≥n‚ñ∫https://t.co/o6kPhRePIb https://t.co/WaI8oN‚Ä¶"
10,"RT @el_telegrafo: Papa #Francisco pide a #Trump que trabaje por la paz‚ñ∫https://t.co/FUy6gEDQZD https://t.co/nxwkJ2zP42"
11,"@elcomerciocom @MashiRafael Sinverguenza hasta el final por eso te va mal. Y porque no lo pagas tu con toda la plat‚Ä¶ https://t.co/2hrlZ9FDzY"
12,"RT @elcomerciocom: . @MashiRafael se refiri√≥ a la inundaci√≥n de la Plataforma Financiera que cost√≥ USD 208,95 millones ¬ª https://t.co/y44lA‚Ä¶"
13,"RT @elcomerciocom: Expresidentes Borja, Hurtado y Guti√©rrez acompa√±an a Comisi√≥n Anticorrupci√≥n en homenaje ¬ª https://t.co/Wv752L42tw"
14,"RT @elcomerciocom: ¬øQu√© productos pagar√°n IVA del 12% en #Ecuador? ¬ª https://t.co/A7tXF3bQ81 https://t.co/3Fy9qIqMSJ"
15,"RT @elcomerciocom: Rafael Correa: 'La situaci√≥n de #Venezuela puede resolverse con elecciones' ¬ª https://t.co/qncmViFXV8 https://t.co/oj3gS‚Ä¶"
16,"@elcomerciocom Por el Fraude? Gracias a Dios te vas RC acabaremos con tu corrupci√≥n la decada robada por #RafaelCorrea."
17,"RT @elcomerciocom: La nueva #bandapresidencial est√° lista: contiene reliquias de santos y v√≠rgenes ¬ª https://t.co/MOmC9wBakR https://t.co/i‚Ä¶"
18,"RT @elcomerciocom: ¬øQui√©nes son los nombres que conforman el Gabinete de Len√≠n Moreno? Aqu√≠ los perfiles de cada uno ¬ª https://t.co/UmrfYBU‚Ä¶"
19,"RT @elcomerciocom: El presidente Len√≠n Moreno ofrece di√°logo y una relaci√≥n con la prensa "fresca, fluida y dialogante" ¬ªhttps://t.co/er3z9‚Ä¶"
20,"RT @elcomerciocom: Len√≠n Moreno anuncia una cirug√≠a mayor contra la corrupci√≥n. ¬ª https://t.co/er3z92z6NY #CambioDeMando https://t.co/iHHQO‚Ä¶"
sabalos31,"Extripulante Submarino, #Electricista,#caraquista #Salsero y con mi arte tengo. Fobia a Maduro y a este mal llamado Gobierno.#S√≠guemeYTeSigo .#TeamRata"
1,"RT @sntpvenezuela: #URGENTE GNB libera al periodista de @RCR750, @KenyerJK https://t.co/ABERD9KooU"
2,"RT @ElPoliTwico: Colectivos ASESINOS capturados en BARQUISIMETO,  amarrados y expuestos ante la COMUNIDAD..Ellos MATAN..A ellos los perdona‚Ä¶"
3,"RT @ingForester: El HT es #NitantukkySigueSiTuLoSiguess ya sabes sigan a los que usen el HT. Los que recomiende y de RT. Y los que me den R‚Ä¶"
4,"Co√±o no coman Huevos el precio 12000 Bsf el cart√≥n no se cale ese Huevo!!!! https://t.co/Wz46tetPBD"
5,"RT @ConfirmadoVzla: NOS ALEGRAMOS HERMANO
MUCHOS LLORAMOS CONTIGO. 
üé∂üéµüî•DIOS SE MUEVE EN MEDIO DE LA ALABANZAüéµüé∂üî•
#YoSoyLibertador
https://t.‚Ä¶"
6,"RT @JoseMiguel_PG: A todo sigiloso GNB le sale su sigiloso Guarimbero; record√°ndonos que los represores tambi√©n corren, tambi√©n se asustan,‚Ä¶"
7,"#NitantukkySigueSiTuLoSiguess a Diosdado no lo sigue nadie https://t.co/UyCw8lIFTz"
8,"#NitantukkySigueSiTuLoSiguess tas como loco @niTanTukky si no das Rt"
9,"RT @TaxiValencia1: Mensaje de @ernestofuenmayorg para Willi el chamo violinista... Importante darle RT gracias! https://t.co/EqBhSC6PXj"
10,"NO estamos de acuerdo con un co√±o de Maduro  #HeDicho https://t.co/qvuk4BgJvR"
11,"RT @Cristyclement: @NituPerez @LucioQuincioC ULTIMA HORA..√öltima Hora: 11:57 pm...Hay tres heridos de bala en el MULTIPLAZA PARAISO  ( Res.‚Ä¶"
12,"RT @TuiteoPorlamar: ¬°URGENTE! Colectivos armados causan terror en El Para√≠so: M√∫ltiples detonaciones (Videos) https://t.co/3igz44ZIUQ"
13,"RT @KittyCcas: Y lo est√°n repitiendo el El Para√≠so. https://t.co/6bsQg4NHf3"
14,"RT @NoticiasVenezue: ¬°URGENTE! Colectivos armados causan terror en El Para√≠so: M√∫ltiples detonaciones (Videos) https://t.co/LEBhMnDnKk http‚Ä¶"
15,"#Elparaiso SE LE METIERON A LAS RESIDENCIAS PLAZA PINAR COLECTIVOS Y GNB PLOMO Y LACRIMOGENAS CAUSANDO ESTRAGOS"
16,"RT @NoticiasVenezue: Funcionarios de la GNB reprimen nuevamente en El Para√≠so https://t.co/R6C93yOaaB"
17,"RT @tslusnys: 11.11 pm #22mayo El Para√≠so es un verdadero infierno. Guerra asim√©trica entre vecinos desprotegidos y colectivos (paramilitar‚Ä¶"
18,"RT @maritesan187: Fuertes detonaciones, se sienten vidrios rotos. El Paraiso"
19,"RT @irisvareinamo: @CaraotaDigital por favor informen que pasa en la av. Paez el para√≠so full detonaciones desde hace horas"
20,"#Elparaiso #SosVenezuela  NOS ATACAN DESPIADAMENTE https://t.co/rxqVEhRcQJ"
carlosmixares,"Allergy, Asthma & Immunology, pediatrics. Asma y Alergias. NI√ëOS Y ADULTOS. University of Kansas. USA. Centro M√©dico de Caracas, C.A. Caracas. Venezuela."
1,"RT @rociosanmiguel: Jefe del GAES en Colon. Primer Teniente Paul Enrique Machado Brice√±o "No voy a permitir que la FANB levante las armas c‚Ä¶"
2,"https://t.co/DrxeDyzWup"
3,"RT @DolarToday: ¬°PATRIA UN CARAJO! Salario m√≠nimo venezolano es de $19,29 dolares al mes ¬°EL MAS BAJO DEL MUNDO! https://t.co/7K75jpVcow"
4,"RT @DolarToday: Momento exacto en el que paramilitares roban y asesinan a joven en San Crist√≥bal
https://t.co/4yt9nKB8l4 https://t.co/F4fML‚Ä¶"
5,"RT @AnonymissNegra: URGENTE : As√≠ detiene la PNB y la GNB a un manifestante opositor que convulsionaba en El Rosal, Caracas RT https://t.co‚Ä¶"
6,"RT @DolarToday: Paramilitares armados toman el 23 de Enero (FOTOS) https://t.co/pUWMxHoXaY  https://t.co/d8ecdMcqkW"
7,"RT @_RoqueCastro: Ay pap√° cuando Maduro caiga y esbirros no logren escapar... El pueblo se dar√° banquete con esas ratas comunistas. No esca‚Ä¶"
8,"RT @PanAmPost_es: ¬°SIN MIEDO! manifestante se desnuda, escala tanqueta y pide cese la represi√≥n https://t.co/YoVgB0Ug7k #20VzlaResisteEnLaC‚Ä¶"
9,"RT @venezolanoenpie: Militares venezolanos tratan a una joven venezolana como si fuera un animal de cacer√≠a

@camilocnn 

 https://t.co/5cf‚Ä¶"
10,"RT @descifradocom: Este es el mensaje de @Almagro_OEA2015 a @NestorReverol tras hechos de violencia en las manifestaciones https://t.co/zbI‚Ä¶"
11,"RT @elcitizen: Desde ayer la vocer√≠a oficiosa del gobierno se√±ala q quiere elecciones. P√°ralo! Son varios puntos los se√±alados. Ya los cono‚Ä¶"
12,"RT @elcitizen: No hay perd√≥n para el alto mando q ha convertido a nuestras Fuerzas Armadas en guardia pretoriana q ha saqueado y hambreado‚Ä¶"
13,"RT @elcitizen: Maduro y Padrino deciden reprim√≠r ya y evitar im√°genes de la dictadura en plena acci√≥n. Im√°genes internacionales le hacen da‚Ä¶"
14,"RT @elcitizen: La opini√≥n internacional est√° al lado del pueblo venezolano y en contra del gobierno de Maduro. Se quedaron solos y cada d√≠a‚Ä¶"
15,"RT @elcitizen: Si trancan los pases geogr√°ficos de las ciudades, ir√≥nicamente dar√°n lugar a "el foquismo" y cada quien cerrar√° su √°rea. No‚Ä¶"
16,"RT @elcitizen: Padrino Lopez, no te escondas detr√°s de Reverol y la guardia nacional t√∫ vas directo para La Haya. Igual q Maduro el Tribuna‚Ä¶"
17,"https://t.co/QzSLwRcI3Y"
18,"VENEZUELA: Chavismo cierra v√≠as de acceso a Caracas para evitar mayor movilizaci√≥n opositora - Yusnaby Post https://t.co/SyllBcHNSF"
19,"https://t.co/LnRHbeLP7D"
20,"https://t.co/EYoLNgUBJw - Alergologos en Caracas, Medicos Alergologos en Caracas, Inmunologos, Alergologia,... https://t.co/KI3sUf5KKN"
TodoMenosRojo,"Informador del pueblo!"
1,"Les pido a todos que cuando le vayan a caer a golpes a Escarr√°, se certifiquen si es √©l o es otro obeso #19may #buenviernes"
2,"GNB dispara en la cabeza a joven de 16 a√±os. Daniel Rodriguez se debate entre la vida y la muerte ROJA ROJITA #ConstituyenteEconomica #19may"
3,"Dicen que Jose Vicente Rangel muri√≥, pero yo lo vi en TELESUR en la marcha de las antorchas del r√©gimen... ser√° falso? #TelesurMiente"
4,"Corre la voz, ma√±ana a las 3 p.m estar√° Atistobulo isturiz*en Cd . Guayana en un conversatorio sobre la Constituyente. A cacerolearlo!!!"
5,"Estado de Excepci√≥n:  Significa que nos pueden matar o enjaular, todav√≠a m√°s que lo que acostumbramos ver. S√°lvese qui√©n pueda!"
6,"Venezuela necesita ayuda internacional. Sin una intervenci√≥n militar extranjera, no nos veremos libres de este r√©gimen! #SOSVenezuela"
7,"Hoy tenemos que hacer el PLANT√ìN ! es una obligaci√≥n moral con la patria y con nuestra familia! El que no vaya que luego no se queje..."
8,"Feliz D√≠a a todas las Madres, incluso a la de Maduro que no tuvo culpa de tener semejante aborto viviente !!!"
9,"Hoy marchan los Abuelos en Venezuela, contra el r√©gimen! Vamos a acompa√±arlos para que la GNB no los asesine..."
10,"De verdad alguien a√∫n cree que saldremos del r√©gimen de manera pac√≠fica? No sigamos siendo creyones! #11May #PrimeraPagina"
11,"Alguien tiene que parar esta desgracia, ya tenemos m√°s asesinatos que Siria y nadie nos para bolas!  #MalditaGNB #UsemistasDeLuto"
12,"Viste como poncharon a Florentino Primera en un Centro Comercial del Imperio? ni sab√≠a qu√© decir el pobre  hahahah,  lo vi en Chismeven !"
13,"Le dieron un tiro en la cabeza a un manifestante en San Bernardino - Est√° casi muerto! El r√©gimen quiere sangre en las calles!"
14,"Me informaron que al General Vivas lo golpearon tanto que lo mataron por "accidente". Vamos a marchar hasta el Helicoide para que aclaren!"
15,"Lamento el fallecimiento de mi gran amigo, el brillante Roberto Lamarca, que nos llen√≥ de alegrias y sonrisas ante la adversidad - Q.E.P.D."
16,"Informo y lamento el fallecimiento de mi amiga Sof√≠a Imber en Caracas, este 20 de febrero. Paz a sus restos!"
17,"Quisiera saber de boca de mis amigos, quienes nos vamos de Venezuela  quienes no se ir√°n...."
18,"Qui√©n est√© esperando pasaporte, que est√© muy atento,  porque parece que los van a agilizar por presiones..."
19,"Presidente obrero! hahaha https://t.co/n68SVmwPCD"
20,"Que levanten la mano los sumisos mezquinos que no saldr√°n ma√±ana 23 de enero a tumbar COMO SEA a este r√©gimen asesino!"
PARAGUANERA,"Licda. en Gerencia. Magister en Gerencia de la Calidad y Productividad. Full bendecida, Optimista,  Caraquista, con mucha fe en Dios. NO SIGO CANDADOS"
1,"RT @la_kika_: @GiselaMDiaz @AlfredoeOrtega @MariaCorinaYA Los pol√≠ticos no usan Twitter para compartir ideas. Lo usan como Meg√°fono para im‚Ä¶"
2,"Est√°n acostumbrados a un pensamiento √∫nico https://t.co/x6JwfAF9iU"
3,"RT @danielgcolina: Por idioteces como la d .@JulioBorges  es que la dirigencia opositora ser√° rebasada por un clamor ciudadano q ha entendi‚Ä¶"
4,"Que quede bien claro https://t.co/tPcnNH0w9a"
5,"RT @lacc1: @GochaSuper @MdelRosarioG11 @federicoalves Iron√≠a es q cada cierto tiempo los pol√≠ticos q pierden espacios hagan un show...el di‚Ä¶"
6,"RT @lacc1: @GochaSuper @federicoalves @hramosallup Por eso insisto puro show ...cojones Mar√≠a Corina Machado q le dijo al vendepatria  difu‚Ä¶"
7,"RT @lacc1: @ayarteaga @hramosallup Cuando te visita el SEBIN de VERDAD terminas como el general Vivas q si se embragueto y no tiene pactos‚Ä¶"
8,"RT @lacc1: @hramosallup Puro show tu fuiste el primer Cabron en decir q las elecciones son en el 2018 y en el 2014 te sentaste a dialogar .‚Ä¶"
9,"RT @Adonaiviene: https://t.co/buds7UEGw7"
10,"RT @Adonaiviene: https://t.co/xMMJrYRPjq"
11,"RT @mremibal2000: https://t.co/N40wCYyYy1"
12,"RT @mpa3145: Se√±or Dios Todopoderoso vuelve tus ojos hacia Venezuela,  levant√°nos sobre los imp√≠os, protej√©nos y liber√°nos. La gloria es to‚Ä¶"
13,"RT @FEDEVENacional: 4:00pm colectivos entran en salones y sacan a estudiantes. GNB mantiene tanquetas y piquete. Hay heridos, detenidos y s‚Ä¶"
14,"RT @AnaMercedesDiaz: Pero sobre todos ellos hay un Dios Todopoderoso . https://t.co/k5r8urdmVQ"
15,"RT @PMT67: M√âRIDA SOS 15May un menor de edad 16 a√±os herido en Ejido, tiene un proyectil en el pulm√≥n https://t.co/2T1wezOqqk R√âGIMEN ASESI‚Ä¶"
16,"RT @thatdayTH: PORQUE SE LE JODEN LOS NEGOCIOS QUE TIENEN CON EL R√âGIMEN, RECUERDA Q ELLOS TAMBIEN CONCHUPAN SABROSO Y NO PELAN CABLE. http‚Ä¶"
17,"RT @GESANDA: Si toda la sociedad civil, se pusiera de acuerdo NO HAY, NO HAY EJ√âRCITO QUE LA VENZA. https://t.co/lYocVXmLmj"
18,"RT @maria_gechele: COLABORA CON MARCOS RIVAS, UN TRIATLETA QUE FUE V√çCTIMA DEL HAMPA Y RECIBI√ì DOS DISPAROS HOY EN CUMAN√ÅüÜòüÜò https://t.co/yX‚Ä¶"
19,"RT @FranciscoRaaz: Amen amen https://t.co/4tLPlprQ9h"
20,"RT @AlbertoRT51: √öLTIMA HORA | Siguen cayendo s√≠mbolos del r√©gimen: En Anzo√°tegui queman estatua de Ch√°vez en la plaza de la Av. Sucre de P‚Ä¶"
SoyChristianRod,"Host @StalkersLider (IG). Marketing Irreverente. Si te diferencias del resto siempre ser√°s referencia."
1,"Prep√°rate para la CLASE 35 ma√±ana jueves 1ro de junio en @4avenueclub.
Recorreremos los a√±os‚Ä¶ https://t.co/CDyDBVcecW"
2,"No soy de utilizar indumentaria similar a la de todo el mundo, a menos que sea la de la‚Ä¶ https://t.co/ouJ1t64Rgg"
3,"Cuando era ni√±o me dec√≠an que deb√≠a estudiar esto y lo otro y dem√°s.
Tuve much√≠simos ejemplos a‚Ä¶ https://t.co/Iw35q9dYs6"
4,"Tengo una buena cantidad de estos anticonceptivos a disposici√≥n para la venta.
Si deslizas la‚Ä¶ https://t.co/aECZzu1w6n"
5,"Demasiados "profesionales" con mentes cortas para la instrucci√≥n. Donde el mas m√≠nimo detalle‚Ä¶ https://t.co/DWNJit8o0z"
6,"Un #throwback con mi pana @josedavidmusica.
Un gran m√∫sico que he visto crecer y explotar su‚Ä¶ https://t.co/FsWcDpKjp9"
7,"Es tan fuerte como cierto esto de que cualquiera con un uniforme publicitario es‚Ä¶ https://t.co/AjUancrYuV"
8,"A ver con que cosas salen ustedes.
üéØ
#viernes #findesemana #unamentira #trivia #valencia‚Ä¶ https://t.co/MDlPoiybSp"
9,"Nada es mas fatal para los que trabajamos desde casa con internet, que se caiga la‚Ä¶ https://t.co/TOcEBSz7J2"
10,"Los #tbt familiares traen muchas cosas que contar y son buen√≠simos para practicar el‚Ä¶ https://t.co/yrZEnMZVDn"
11,"Se activa la Noche de Bailadera en @4avenueclub para los amantes de los ritmos latinos.
Desde‚Ä¶ https://t.co/LSJt0udETT"
12,"Esto si que es un buen #throwback cuando hac√≠a una de las rumbas mas salvajes al mejor estilo de‚Ä¶ https://t.co/bv37Xdkvdh"
13,"Tal cual como lo dice la imagen.
Estamos atravesando un momento crucial para la historia de‚Ä¶ https://t.co/q9kO3GQu5V"
14,"Black in Black by polvotiendas.
‚Ä¢
La nueva colecci√≥n ya est√° disponible en sus dos sedes,‚Ä¶ https://t.co/x2yoH5xG9o"
15,"RT @elcitizen: Nunca una groser√≠a fue tan oportuna como la de Capriles ayer. Adjetivo la apuesta de Maduro, al cansancio del pueblo venezol‚Ä¶"
16,"RT @escorpio_hn: https://t.co/zmnpvm7aUJ"
17,"RT @hramosallup: Asesinos de estudiantes sapos Sebin camuflados cobardemente taxi sin placa nos persiguieron v√≠a Aerop. Barcelona. Encaramo‚Ä¶"
18,"RT @mavrginia: Lo principal es derrocarlos, si remueves algunos y pones otros como ellos, entonces derrocaste al pueblo y no al r√©gimen."
19,"RT @AnonymousVene10: ATENCI√ìN Los GN est√°n lanzando Bombas q parecen lacrim√≥genas pero explotan. Causando Graves lesiones !NO AGARRARLAS! h‚Ä¶"
20,"RT @AnonymousVene10: Por si hay alguna duda.
MA√ëANA PARO NACIONAL AUTOCONVOCADO 
No son los POL√çTICOS quienes lo convoca. Es el VENEZOLANO‚Ä¶"
victhorxavier,"musician // Industrial engineer // Venezuelan üáªüá™ Instagram: victhorx Facebook: victhorg"
1,"#Repost @govalheat with @repostapp
„Éª„Éª„Éª
Una Rumba sin precedentes!! Gracias infinitas #Guiria‚Ä¶ https://t.co/VGebUAGWyQ"
2,"#Repost klinksmusic with @repostapp
„Éª„Éª„Éª
Goval Heat Presenta: 
#GovalHeatPoolParty en su primera‚Ä¶ https://t.co/2SEq34OFDH"
3,"#TeamGovalheat @govalheat nuestra primera semana de preventa ‚úåüèªüòäüôèüèªüî•üîä @ Comercial Goval Uno, C. A. https://t.co/uWLi4fqjLt"
4,"#Repost klinksmusic with @repostapp
„Éª„Éª„Éª
G√ºiria, Sucre üìç
Estamos cada d√≠a m√°s cerca!!
Traemos la‚Ä¶ https://t.co/Zuy5y4AX2b"
5,"#Repost @govalheat with @repostapp
„Éª„Éª„Éª
Otro Invitado que llega al #GovalHeatPoolParty.... De‚Ä¶ https://t.co/Rpe9PXGIpV"
6,"#Repost @govalheat with @repostapp
„Éª„Éª„Éª
‚ÄºÔ∏èCada vez m√°s cerca‚ÄºÔ∏è
üîúPD: Pronto + info de entradas sin‚Ä¶ https://t.co/vCHwOMwgML"
7,"#Repost @govalheat with @repostapp
„Éª„Éª„Éª
Se nos une djcaraca (Madbrothers Agency- G√ºiria) a‚Ä¶ https://t.co/q71TJA4AaW"
8,"#Repost @govalheat with @repostapp
„Éª„Éª„Éª
El dejar√° fluir su talento desde la isla de Margarita.
üî•üèñ‚Ä¶ https://t.co/4yaNr9Cfo3"
9,"#Repost @govalheat with @repostapp
„Éª„Éª„Éª
Paquetes con estad√≠a Disponible! #HotelDaMario
+ Info:‚Ä¶ https://t.co/jwqrJQhu1C"
10,"#Repost @govalheat with @repostapp
„Éª„Éª„Éª
„Ä∞Traemos para ti el evento donde vivir√°s un d√≠a de‚Ä¶ https://t.co/EPbqYPHB1R"
11,"RT @govalheat: Porque Queremos hacerlo y queremos hacerlo bien!! ...:::: Este 28 se viene algo bueno! üîú‚Ä¶ https://t.co/u354NfEHUf"
12,"#Repost @govalheat with @repostapp
„Éª„Éª„Éª
Porque Queremos hacerlo y queremos hacerlo bien!! ...::::‚Ä¶ https://t.co/LR5wMNxwOj"
13,"RT @govalheat: Are you ready??? 
soon üîú üîäüå¥‚òÄÔ∏èüåä
#poolparty #DeepHouse #Dance #Housemusic #GovalHeat #Lifestyle‚Ä¶ https://t.co/qbRAjtgRBw"
14,"#Repost govalheat with @repostapp
„Éª„Éª„Éª
Coming soon.. üîú @ Comercial Goval Uno, C. A. https://t.co/kMJeACkXPm"
15,"Happy techno Wednesday üï∫üèªüï∫üèªüï∫üèªüîäüé∂üéµ. 
 #techno #tech #techhouse #house #housemusic #Pioneer @‚Ä¶ https://t.co/memYtbeEiD"
16,"I liked a @YouTube video https://t.co/ycisdTlfFv YA LO SABIA - MIRANDA!"
17,"I liked a @YouTube video https://t.co/zeCs3S4k4Z Miranda! - Ment√≠a"
18,"I liked a @YouTube video https://t.co/ncu1gmo21Y La Melodia Perfecta Feat Gustavo Elis Video Oficial Te Contare Remix"
19,"RT @cReport: &gt;&gt;&gt; √âste SUPER VIDEO de k RESISTENCIA es uno de los ganadores del d√≠a y NO es precisamente con #Puputov #8May #Venezuela https‚Ä¶"
20,"Con los panas carlos.viloria y @kike_vz !!! Excelente noche en vipdiscoguiria #friends #party‚Ä¶ https://t.co/fikResyVJn"
KaliKaramelo,""
1,"@trafficTACHIRA buen d√≠a, transtachira estara trabajando? Habra transporte para el sambil?"
2,"@VengaLaAlegria  como los extra√±o üò≠ aqu√≠ cerraron la se√±al de @Azteca. Soy fan fiel de programa #SosVenezuela üò¢ @SERGESEPULVEDA @cquirarte"
3,"RT @WitneySquad: #AAUSullivanAward #Hernandez4Sullivan Keep retweeting and using those hashtags for @lzhernandez02!!! üòÅ https://t.co/q0QmXq‚Ä¶"
4,"@DWTSAllAccess @dominicbowden  is @lzhernandez02  and @iamValC  your favorite partner to win üòä? By the way you look very handsome tonight üòçüòò"
5,"@dominicbowden Would you adopt Laurie  in @DWTSAllAccess? Please do not want to lose her,besides it would be great to be your co-hostess"
6,"@DWTSAllAccess Val laurie said they would make Len smile, you thought it would be possible?What did you think of seeing him with abig smile?"
7,"@DWTSAllAccess @DWTSAllAccess @iamValC  laurie said she wanted to look pro when she was dancing, you think I made it? I will miss you üò≠"
8,"@DWTSAllAccess @iamValC  laurie said she wanted to look pro when she was dancing, you think I made it? I will miss you üò≠"
9,"@dominicbowden Would you adopt Laurie  in @DWTSAllAccess? Please do not want to lose her,besides it would be great to be your co-hostess"
10,"@DWTSAllAccess @iamValC  laurie said she wanted to look pro when she was dancing, you think I made it? I will miss you üò≠"
11,"@DWTSAllAccess Val you felt when you saw Laurie cry? Laurie you felt when you saw Val crying?I Hope they win! Greetings from Venezuela üòò"
12,"How not to love them üòçüòòüòö? The beam of human balance üòÇ @lzhernandez02  @iamValC  @DWTSAllAccess @DancingABC https://t.co/CmZ4TVx174"
13,"@sexypianist lo hizo genial üëå‚ù§üéπ #AcademiaVLA"
14,"RT @DancingABC: She had that perfect score coming! #DWTS https://t.co/gSaMTJYjgq"
15,"@DWTSAllAccess @lzhernandez02   should give a day of gymnastics training to @iamValC , it would be great üòçüòò Val suffer üòÇüòÇ @DancingABC"
16,"@VengaLaAlegria @sexypianist #AcademiaVLA  üòçüëçüëå"
17,"@VengaLaAlegria @SERGESEPULVEDA  ya basta d decirle solterona a @VZCR es chocante y feo üò§ y el @elcapiperez  ya hasta cae gordo üòí"
18,"@VengaLaAlegria @SERGESEPULVEDA  donde esta @VZCR ??? üòû"
19,"üíÖ üí™ #TeamTaniaLipsinquea"
20,"@VengaLaAlegria donde esta @cquirarte ?? @SERGESEPULVEDA  ponlo de vuelta por favor!! üíî"
JuanchoElHereje,"HEREJE:Pers.Q niega alguno d los dogmas establecidos X una religi√≥n.Q disiente d la l√≠nea oficial d opini√≥n d una instituci√≥n,una organizaci√≥n,una academia,etc"
1,"AS√ç COMO NACEN LAS BANDERAS EL #EZLN ALIADO CON OTROS IND√çGENAS DEL #CNI VA TEJIENDO LAS BANDERAS ROJAS... https://t.co/PukO54bvW3"
2,"AS√ç COMO NACEN LAS BANDERAS EL #EZLN ALIADO CON OTROS IND√çGENAS DEL #CNI VA TEJIENDO LAS BANDERAS ROJAS https://t.co/F2Nz3eISKQ"
3,"@rediniciativa SEGURO QUE CONSTRUIR UNA ORGANIZACI√ìN DEL TAMA√ëO DEL #CNI SE HIZO "ESPERANDO LAS ELECCIONES":) el ro‚Ä¶ https://t.co/ajMXYVqLwT"
4,"BUENA LECCI√ìN LES HA DADO EL #EZLN ¬øD√ìNDE ESTABAN?,  O COMO DIJO NERUDA: "EL ROJO GOTA A GOTA IBA NACIENDO..."... https://t.co/Ln6Lq2pon1"
5,"BUENA LECCI√ìN LES HA DADO EL #EZLN ¬øD√ìNDE ESTABAN?,  O COMO DIJO NERUDA: "EL ROJO GOTA A GOTA IBA NACIENDO..." https://t.co/neaudXnWfE"
6,".@RicardoMarq01 NO, PORQUE "conSejo" es una cosa y "conCejo" es otra cosa mucho muy diferente VIVA EL conCejo IND√çGENA DE GOBIERNO #CIG"
7,"¬ø¬øY D√ìNDE ESTABA EL #EZLN MIENTRAS PSEUDO "IZQUIERDA" COBRABA EN LA$ C√ÅMARA$ DE DIPUTADO$?... https://t.co/NHucq3NZlc"
8,"¬ø¬øY D√ìNDE ESTABA EL #EZLN MIENTRAS PSEUDO "IZQUIERDA" COBRABA EN LA$ C√ÅMARA$ DE DIPUTADO$?  https://t.co/i4gFDvc28g "EL ROJO GOTA A GOTA...""
9,"#CNI SIN REFLECTORES,SIN APARECER EN LOS DIARIOS,EL #EZLN EN LA OSCURIDAD HA IDO CONSTRUYENDO ORGANIZACI√ìN... https://t.co/7zdqbgRfWs"
10,"#CNI SIN REFLECTORES,SIN APARECER EN LOS DIARIOS,EL #EZLN EN LA OSCURIDAD HA IDO CONSTRUYENDO ORGANIZACI√ìN NACIONAL https://t.co/mO1w2n6SOl"
11,"REITERO: EL CONCEJO IND√çGENA ES EL VERDADERO CANDIDATO Y MARICHUY ES SOLO LA PERSONA QUE LA LEY EXIGE PARA... https://t.co/qisy3KSODL"
12,"REITERO: EL CONCEJO IND√çGENA ES EL VERDADERO CANDIDATO Y MARICHUY ES SOLO LA PERSONA QUE LA LEY EXIGE PARA REGISTRAR https://t.co/qpYktJWx52"
13,"A VER SI SE ENTIENDE: EL CONCEJO ES EL VERDADERO CANDIDATO, Y LA VOCERA MARICHUY ES "LEGALMENTE" LA "CANDIDATA"... https://t.co/PvImwrnEMB"
14,"A VER SI SE ENTIENDE: EL CONCEJO ES EL VERDADERO CANDIDATO, Y LA VOCERA MARICHUY ES "LEGALMENTE" LA "CANDIDATA"  https://t.co/qpYktJWx52"
15,"RT @lajornadaonline: La m√©dica tradicional nahua Mar√≠a de Jes√∫s Patricio Mart√≠nez ser√° la primera candidata presidencial ind√≠gena‚Ä¶ y no bus‚Ä¶"
16,"¬ø¬øD√ìNDE ESTABA EL #EZLN?? JeJeJe PREGUNTEN ESO A LOS IND√çGENAS QUE AHORA SE DECLARAN ANTICAPITALISTAS :) https://t.co/ABjByJCopb"
17,"LLEG√ì LA HORA #CNI: "echarles a perder su fiesta basada en nuestra muerte y hacer la propia..."... https://t.co/XEs5MawWqf"
18,"LLEG√ì LA HORA #CNI: "echarles a perder su fiesta basada en nuestra muerte y hacer la propia..." https://t.co/fxRDj2IYa0 MARICHUY CANDIDATA"
19,"HISTERIA DEL #PRI √≠smo QUE SE DISFRAZA DE PSEUDO "IZQUIERDA", AHORA YA HAY VERDADERA CANDIDATURA DE IZQUIERDA... https://t.co/mkdSCIC00T"
20,"HISTERIA DEL #PRI √≠smo QUE SE DISFRAZA DE PSEUDO "IZQUIERDA", AHORA YA HAY VERDADERA CANDIDATURA DE IZQUIERDA https://t.co/ujq2PeWK05"
MFuentesElAlto,"Asamble√≠sta Departamental por La Paz üáßüá¥2015-2020 Joven Alte√±o, Pedag√≥go, Master en Edu. Sup, Docente Universitario, Ex-Director Municipal de Juventudes"
1,"El Asamble√≠stas Departamental Marco Fuentes Denuncia prorroguismo del MA... https://t.co/Ub1BXyWj3o"
2,"¬øMultiplicar√° su energ√≠a #JRQ ? √ìsea ¬øahora ser√°n 66Camiones de contrabando?¬øm√°s masacres como el Porvenir?¬øm√°s cas‚Ä¶ https://t.co/SNzUfHjPxZ"
3,"Poco a poco el verdadero Cartel de la Mentira y la Mega Corrupci√≥n caer√° #ClanGarciaLinera #2019NOMas‚Ä¶ https://t.co/JQNWPA5ixh"
4,"RT @MonicaAparicioA: @NormaPierola @ArturoMurilloS @EvaSaraLandau @vhcardenasc @YerkoGarafulic @MFuentesElAlto @CFValverde @noticiasfides @‚Ä¶"
5,"https://t.co/j4kiHjf3SO"
6,"Reuni√≥n de cancilleres @OEA_oficial debate ante crisis Venezolana, la √∫nica soluci√≥n es renuncia de @NicolasMaduro‚Ä¶ https://t.co/yrV6l5LeNK"
7,"Esta es la ROSCA DIRIGENCIAL PRO - MASISTA que quiere seguir manejando la COR #ElAlto Eliseo Suxo amigo leal de Bra‚Ä¶ https://t.co/As4zOAm9Tt"
8,"Sr.Tezanos ¬øquien vulnera y atropella derechos de las personas todos los d√≠as? Es el Gobierno y sus instituciones!!‚Ä¶ https://t.co/EOCA0VxKTt"
9,"RT @NormaPierola: Varios parlamentarios de Bolivia que repudiamos dictadura de Evo Morales expresamos nuestro apoyo a Venezuela contra Nico‚Ä¶"
10,"RT @ArturoMurilloS: Usted conoce alg√∫n seguro que por buena gente regalen dinero? NO pues no existen algo turbio hay al medio averiguaremos‚Ä¶"
11,"RT @SDoriaMedina: Hace pocos d√≠as se informaba de sus procesos penales, hoy embajador en Francia, que vergonzoso. https://t.co/wRWc15a129"
12,"RT @OscaritoIRIARTE: #Bolivia vive la peor etapa negra de su historia gracias a la impunidad de la blanca. https://t.co/QK39knafv2"
13,"El MAS con funcionarios pretende provocar a colectivos ciudadanos que rechazan dictadura de @NicolasMaduro‚Ä¶ https://t.co/grzDWBzc9o"
14,"Nuestra solidaridad con @hcapriles v√≠ctima de la Dictadura de @NicolasMaduro https://t.co/R903DlK7OP"
15,"La COR #ElAlto en manos del MAS EliseoSuxo Exdiputado MASISTA y dirig. vitalicio junto a BraulioRocha y Patana hici‚Ä¶ https://t.co/PVdbQCFRmk"
16,"RT @SDoriaMedina: Pueblo brasile√±o, cansado con la corrupci√≥n, quemo el Ministerio de Educaci√≥n mostrando que no permitir√°n la impunidad. h‚Ä¶"
17,"RT @NormaPierola: @cesarfaz BOLIVIA VIVE BAJO DICTADURA COMUNISTA DE EVO MORALES. POPULISMO ES SOCIALISMO. @alopezescarre @lopezobrador_ @M‚Ä¶"
18,"RT @NormaPierola: SOCIALISMO ES BASURA
@AriasRachelly @JulioAliagaL @MFuentesElAlto @anaiurquidi @luicabsar @vhcardenasc @EvaSaraLandau @Ye‚Ä¶"
19,"El MAS le mete nomas, ampl√≠an plazo para inscripci√≥n de candidatos a elecciones judiciales, no respetan ni sus prop‚Ä¶ https://t.co/l65wyQ2beR"
20,"RT @SDoriaMedina: Bolivianos se pronunciaran pr√≥ximo martes 30 de Mayo contra Maduro y en apoyo a pueblo venezolano, en las puertas de la e‚Ä¶"
johapineapple,"Jesus üíï Juan 3:16/ ‚úâ Johapineapple@gmail.com/
üëª Snapchat: johapineapple/
üì∑ Instagram: johapineapple
üîµ Facebook: Joha Pineapple"
1,"Productos GRATIS con INFLUENSTER / Labiales #SuperStay24 de Maybelline https://t.co/wh2aG4NZ50 via @YouTube"
2,"https://t.co/8lHR09a7Fg"
3,"RT @DeusLiebe: Jeremiah 29:11¬†For I know the plans I have for you, declares the LORD, plans for welfare and not for evil, to give you a fut‚Ä¶"
4,"https://t.co/Ix2XiLy3dr"
5,""Estad quietos y conoced que yo soy Dios" Salmos 46:10 #wordofGod #wordoflife https://t.co/WgupHsP0DM"
6,"https://t.co/Q2XreLE7wf join me @johannyca  @DunkinDonuts @Influenster #DDEspresso #contest."
7,"Buenos d√≠as! #oremosporvenezuela Mi coraz√≥n esta contigo  üáªüá™/ My heart is with you‚Ä¶ https://t.co/MUS3n0eUof"
8,"Es sumamente triste la situaci√≥n de Venezuela. Duele ver como matan a personas que solo quieren vivir en un mejor pa√≠s #sosvenezuela"
9,"We impact lives positive or negatively. It's up to you how you want to be remembered."
10,"We‚Äôre 12 days away from our NO 2 Drugs Workshop! If you‚Äôre interested or if you want to invite‚Ä¶ https://t.co/FnX5b5ENnh"
11,"RT @ErikaDLV: Ahora Nicolas, imag√≠nate que esos huevos los hubieran lanzado de un helicoptero."
12,"Aunque este lejos oro por mi pa√≠s y mis paisanos. Confio que Dios est√° en control de todo. Y este gobierno no se salvar√° de su justo juicio."
13,"Debemos resistir un poco m√°s y no desfallecer. Por qu√© hemos fallado anteriormente? Porque simplemente nos cansamos y no seguimos intentando"
14,"No suelo publicar nada relacionado a la pol√≠tica. Pero la situaci√≥n de Venezuela va m√°s all√° de eso. Admiro a todos los que luchan hoy."
15,"Pray for venezuela!!"
16,"RT @DolarToday: #URGENTE Comparte en todas tus redes, se busca este francotirador, ayudanos a identificarlo https://t.co/1kpBE3mkPv"
17,"RT @TemplarioResisT: #10Abr CRIMEN DE LESSA HUMANIDAD #PNB y #GNB de #Venezuela lanzan lacrim√≥genos dentro de la Ploclinica Las Mercedes, B‚Ä¶"
18,"Vegan Anti-Vaxxer Mom Forced to Vaccinate Her Kids By Judge https://t.co/7JvknZEZhF via @broadly"
19,"https://t.co/8lHR09a7Fg"
20,"RT @DimTillard: Andas En Mi Cabeza https://t.co/xSrANGhTPP"
AldoJorgeSolis,"Representante: Aceite Soja, Ma√≠z, Girasol Refinado-Crudo / Arroz / Leche UHT, Polvo / Pastas / Al-Bal Animales / Pellets / Harina de Trigo /Alimentos en Gral."
1,"RT @RiverLPM: La primera imagen de una noche m√°gica. ¬°Las fotos de la goleada de #River! https://t.co/jKAC5WgDnG https://t.co/HQ2nRVBivC"
2,"RT @infobae: River gole√≥ a Atl√©tico Tucum√°n y le pisa los talones al puntero Boca https://t.co/uYoLfV8OeW"
3,"Volvio Willy a marchar junto a su Viol√≠n por la Libertad por la Democracia Verdadera. #venezuelalibre #31mayo2017‚Ä¶ https://t.co/UEXg4zws5T"
4,"RT @infocampoweb: Un paso m√°s. Que vuelva el tren! https://t.co/JTGnhLywyb"
5,"RT @akropolisblog: Estatua colosal del fara√≥n Rams√©s II en el templo de Lucir, en la antigua ciudad egipcia de Tebas. https://t.co/18OSHw81‚Ä¶"
6,"RT @AFPespanol: #ULTIMAHORA La moneda se deval√∫a 64,13% en subasta de d√≥lares del Banco Central de Venezuela #AFP https://t.co/uuGSriBd1L"
7,"RT @bbcmundo: La dram√°tica explosi√≥n de una tuber√≠a que provoc√≥ una inundaci√≥n en Ucrania https://t.co/Vehcsz72WI https://t.co/0vsO7kDqN5"
8,"RT @DiarioElLitoral: Declararon al chamam√© patrimonio cultural del Mercosur https://t.co/kBofOwFnZw"
9,"Las incre√≠bles im√°genes de la Aurora Austral que se puede ver en la Ant√°rtida https://t.co/BN8GRVHx9N"
10,"RT @SC_ESPN: ¬°Gigante Renzo! Olivo le quebr√≥ al local Tsonga y lo venci√≥ en 4 sets en la cancha principal de #RGxESPN: fue por 7-5, 6-4, 6-‚Ä¶"
11,"RT @TodaPasion: ¬°Victoria hist√≥rica! Renzo Olivo elimin√≥ a Tsonga de Roland Garros
https://t.co/s8CYaPr0CI https://t.co/IoH8atACRn"
12,"RT @AGNArgentina: Bosques de Palermo, principios del siglo XX.
Inventario 10063 https://t.co/TWT3TrgnWR"
13,"RT @bbcmundo: Las impresionantes im√°genes de la mortal explosi√≥n en Kabul, la capit√°n de Afganist√°n https://t.co/Y3dIXDTGkq https://t.co/dl‚Ä¶"
14,"RT @DiarioElLitoral: Hoy es el D√≠a Nacional de la Cerveza üçªüç∫ https://t.co/49Qj1NKs6P"
15,"RT @infocampoweb: Comienzan el acto inaugural de @AgroActiva 2017 entonando las estrofas del himno nacional argentino https://t.co/TooHLJgi‚Ä¶"
16,"RT @PasionRiverRP: HOY RIVER!!! ‚ö™Ô∏èüî¥‚ö™Ô∏è

Esta noche.. cueste lo que cueste!!! https://t.co/hbXJvR8k6P"
17,"RT @ELTIEMPO: Buffon, arquero leyenda al que le falta la Liga de Campeones https://t.co/hFCOuSumd4 https://t.co/HYFZuRf1dj"
18,"RT @UniNoticias: #Venezuela: el momento en el que nuestro camar√≥grafo recibe un impacto de bomba lacrim√≥gena en el pecho. - @FUrreiztieta h‚Ä¶"
19,"RT @SC_ESPN: #Video #SportsCenter Disfrut√° el enorme recibimiento a River en Tucum√°n desde una c√°mara distinta. https://t.co/5tqHCX9l42"
20,"RT @PasionRiverRP: I M P R E S I O N A N T E !!!
 Recibimiento en Tucum√°n ! https://t.co/6BteYdmzpC"
RvstaVenezolana,"Medio de comunicaci√≥n para los Venezolanos en Espa√±a. Punto de encuentro de la comunidad venezolana, producimos eventos culturales, musicales, etc."
1,"Autocoaching con PNL para la realizaci√≥n personal &gt;&gt; https://t.co/xHUB1PvwLX https://t.co/QiS7WTjwtq"
2,"Goiko Grill, la hamburgueser√≠a del m√©dico que colg√≥ su bata abre en Alicante &gt;&gt; https://t.co/jAtFe8CQ7e https://t.co/i3vCcXrVio"
3,"Restaurante de Madrid se reserva el derecho de entrada a los chavistas &gt;&gt; https://t.co/CDew9tvXcd https://t.co/si95kxIrZp"
4,"La Sinf√≥nica de Galicia interpretar√° la ¬´Novena¬ª de Beethoven bajo la batuta de Dudamel &gt;&gt; https://t.co/jx7AvpkQNG https://t.co/fGV3xsbOht"
5,"¬øFinancia Goldman Sachs a Maduro? &gt;&gt; https://t.co/WmByTrJu2a https://t.co/i1bi00CjJ7"
6,"Coralistas piden elecciones generales en Venezuela &gt;&gt; https://t.co/QF9mbaLruw https://t.co/n6Vv6mGl4L"
7,"@SalisMadrid Cada a√±o, el 31 de mayo, la OMS y asociados de todo el mundo celebran el D√≠a‚Ä¶ https://t.co/jv7xS5wftp"
8,"La abogada venezolana Patricia Carrera, residente en la ciudad espa√±ola de Le√≥n, inici√≥ hace dos‚Ä¶ https://t.co/dyXWGrBJ33"
9,"GRACIAS TOTALES
- Al george harris
- Al publico
- Al Teatro 
- A los patrocinadores 
- Al Equipo‚Ä¶ https://t.co/y1w078HkJl"
10,"Se le quedo anoche en el Show de george harris.
Lo tendr√° a partir de ma√±ana en La‚Ä¶ https://t.co/X0da4jy4w9"
11,"EL PROFESOR BRICE√ëO EN ESPA√ëA üá™üá∏ 
üáªüá™Jos√© Rafael Brice√±o, conocido art√≠sticamente como "El‚Ä¶ https://t.co/OoyV9iREIP"
12,"Aprovecha ya este s√∫per precio para tu vuelo a Madrid desde Caracas, ida y vuelta, estancia de‚Ä¶ https://t.co/wpAVYyJXbZ"
13,"#VenezolanosEnMadrid #ElTiempo para hoy: Temperatura Min: 16 Max: 28 ¬∫C https://t.co/ob6giH7xPB"
14,"El rechazo de los ayuntamientos al r√©gimen de Nicol√°s Maduro &gt;&gt; https://t.co/vkdbGAdOy1 https://t.co/I3fqvmstkH"
15,"Suspensi√≥n de ferias y rutas de Conviasa tumba esperanza del turismo &gt;&gt; https://t.co/cjR1ISywIg https://t.co/GPlnJA4TrZ"
16,"World Pride Madrid 2017: La Sexta Retransmitir√° uno de los Eventos M√°s Esperados &gt;&gt; https://t.co/vIjADgMktt https://t.co/5QZk72o2YX"
17,"Subastadas obras de Oswaldo Vigas en Nueva York &gt;&gt; https://t.co/YngRuPeKkK https://t.co/8nsELdAGJ2"
18,"Las arepas venezolanas que emocionan a Tel Aviv &gt;&gt; https://t.co/ienZ5oNygN https://t.co/ed4NpPEkhR"
19,"A√±or y Aristeguieta participaron en marcha contra la represi√≥n &gt;&gt; https://t.co/eTJ8fWT8si https://t.co/WlHfHhp0PM"
20,"Blue Cave, el router que soporta m√°s dispositivos conectados a la vez &gt;&gt; https://t.co/cEd0cnnX23 https://t.co/UILPGculQ0"
