Text;Size;Color;Angle;Font;Repeat;URL
Rt;7478;Random;Random;Random;Yes;
Nicolasmaduro;1841;Random;Random;Random;Yes;
Pueblo;1276;Random;Random;Random;Yes;
Venezuela;1024;Random;Random;Random;Yes;
Año;1020;Random;Random;Random;Yes;
Hoy;1003;Random;Random;Random;Yes;
Patria;743;Random;Random;Random;Yes;
Presidente;650;Random;Random;Random;Yes;
Si;579;Random;Random;Random;Yes;
Día;543;Random;Random;Random;Yes;
Gobierno;490;Random;Random;Random;Yes;
Cuba;478;Random;Random;Random;Yes;
Chávez;477;Random;Random;Random;Yes;
Paz;416;Random;Random;Random;Yes;
Ahora;399;Random;Random;Random;Yes;
Está;392;Random;Random;Random;Yes;
Gracia;381;Random;Random;Random;Yes;
Por;380;Random;Random;Random;Yes;
Plan;379;Random;Random;Random;Yes;
Constituyente;369;Random;Random;Random;Yes;
Dcabellor;360;Random;Random;Random;Yes;
Nacion;358;Random;Random;Random;Yes;
2018;357;Random;Random;Random;Yes;
Venezolano;350;Random;Random;Random;Yes;
Revolución;348;Random;Random;Random;Yes;
País;338;Random;Random;Random;Yes;
Hace;338;Random;Random;Random;Yes;
Comandante;321;Random;Random;Random;Yes;
Vamo;311;Random;Random;Random;Yes;
Conelmazodando;302;Random;Random;Random;Yes;
Pdte;302;Random;Random;Random;Yes;
Junto;293;Random;Random;Random;Yes;
Vida;292;Random;Random;Random;Yes;
Gran;291;Random;Random;Random;Yes;
Así;290;Random;Random;Random;Yes;
Municipio;285;Random;Random;Random;Yes;
Todo;283;Random;Random;Random;Yes;
Social;282;Random;Random;Random;Yes;
Estado;281;Random;Random;Random;Yes;
Chavista;278;Random;Random;Random;Yes;
Toda;275;Random;Random;Random;Yes;
Popular;272;Random;Random;Random;Yes;
Nuevo;271;Random;Random;Random;Yes;
Amor;270;Random;Random;Random;Yes;
Dio;264;Random;Random;Random;Yes;
Siempre;264;Random;Random;Random;Yes;
Trabajo;263;Random;Random;Random;Yes;
Bolívar;253;Random;Random;Random;Yes;
Psuv;252;Random;Random;Random;Yes;
Mejor;251;Random;Random;Random;Yes;
2017;250;Random;Random;Random;Yes;
Mundo;248;Random;Random;Random;Yes;
Mil;235;Random;Random;Random;Yes;
Nueva;234;Random;Random;Random;Yes;
Victoria;222;Random;Random;Random;Yes;
Vtvcanal8;218;Random;Random;Random;Yes;
Maduro;214;Random;Random;Random;Yes;
Oficial;212;Random;Random;Random;Yes;
Est;211;Random;Random;Random;Yes;
Niño;210;Random;Random;Random;Yes;
Camarada;209;Random;Random;Random;Yes;
Solo;206;Random;Random;Random;Yes;
Anc;205;Random;Random;Random;Yes;
Qué;203;Random;Random;Random;Yes;
Caraca;202;Random;Random;Random;Yes;
Seguimo;201;Random;Random;Random;Yes;
Cada;198;Random;Random;Random;Yes;
Aquí;198;Random;Random;Random;Yes;
Lucha;198;Random;Random;Random;Yes;
Poder;196;Random;Random;Random;Yes;
Video;195;Random;Random;Random;Yes;
Pdvsa;191;Random;Random;Random;Yes;
Casa;189;Random;Random;Random;Yes;
Desd;188;Random;Random;Random;Yes;
Ve;188;Random;Random;Random;Yes;
Nuestro;184;Random;Random;Random;Yes;
Revolucionario;183;Random;Random;Random;Yes;
Bolivariana;182;Random;Random;Random;Yes;
Hugo;181;Random;Random;Random;Yes;
Están;180;Random;Random;Random;Yes;
Gener;180;Random;Random;Random;Yes;
Al;180;Random;Random;Random;Yes;
Millon;180;Random;Random;Random;Yes;
Alcald;180;Random;Random;Random;Yes;
Gent;179;Random;Random;Random;Yes;
Será;177;Random;Random;Random;Yes;
Trabajador;176;Random;Random;Random;Yes;
Asamblea;175;Random;Random;Random;Yes;
Gobernador;175;Random;Random;Random;Yes;
Ministro;175;Random;Random;Random;Yes;
Guerra;174;Random;Random;Random;Yes;
Reunión;174;Random;Random;Random;Yes;
Cuenta;172;Random;Random;Random;Yes;
Vía;171;Random;Random;Random;Yes;
Part;170;Random;Random;Random;Yes;
Ya;169;Random;Random;Random;Yes;
Una;169;Random;Random;Random;Yes;
Eeuu;168;Random;Random;Random;Yes;
Enero;168;Random;Random;Random;Yes;
Puede;167;Random;Random;Random;Yes;
Grand;167;Random;Random;Random;Yes;
Hermano;166;Random;Random;Random;Yes;
Salud;165;Random;Random;Random;Yes;
Nunca;164;Random;Random;Random;Yes;
Bueno;164;Random;Random;Random;Yes;
Equipo;163;Random;Random;Random;Yes;
Persona;163;Random;Random;Random;Yes;
Bien;163;Random;Random;Random;Yes;
Asesinato;163;Random;Random;Random;Yes;
Mujer;163;Random;Random;Random;Yes;
Verdad;162;Random;Random;Random;Yes;
Hacer;162;Random;Random;Random;Yes;
100;161;Random;Random;Random;Yes;
Call;161;Random;Random;Random;Yes;
Programa;160;Random;Random;Random;Yes;
Política;160;Random;Random;Random;Yes;
Favor;156;Random;Random;Random;Yes;
República;156;Random;Random;Random;Yes;
Esta;155;Random;Random;Random;Yes;
Feliz;154;Random;Random;Random;Yes;
Petro;154;Random;Random;Random;Yes;
Apoyo;153;Random;Random;Random;Yes;
Revolucionaria;152;Random;Random;Random;Yes;
Jauamiranda;151;Random;Random;Random;Yes;
Drodriguezven;151;Random;Random;Random;Yes;
Como;150;Random;Random;Random;Yes;
Rafaellacava10;149;Random;Random;Random;Yes;
Mayor;149;Random;Random;Random;Yes;
Unidad;149;Random;Random;Random;Yes;
Debe;148;Random;Random;Random;Yes;
11;147;Random;Random;Random;Yes;
Socialista;147;Random;Random;Random;Yes;
Zamora;142;Random;Random;Random;Yes;
Jornada;141;Random;Random;Random;Yes;
También;141;Random;Random;Random;Yes;
Del;141;Random;Random;Random;Yes;
Familia;141;Random;Random;Random;Yes;
Lucena;141;Random;Random;Random;Yes;
Ley;141;Random;Random;Random;Yes;
Bolivariano;141;Random;Random;Random;Yes;
Hora;140;Random;Random;Random;Yes;
Vez;139;Random;Random;Random;Yes;
Político;138;Random;Random;Random;Yes;
Servicio;136;Random;Random;Random;Yes;
Fuerza;135;Random;Random;Random;Yes;
Foto;135;Random;Random;Random;Yes;
Juventud;134;Random;Random;Random;Yes;
Seguir;134;Random;Random;Random;Yes;
Su;133;Random;Random;Random;Yes;
11ene;133;Random;Random;Random;Yes;
Mañana;131;Random;Random;Random;Yes;
Te;130;Random;Random;Random;Yes;
Venezolana;130;Random;Random;Random;Yes;
Oposición;130;Random;Random;Random;Yes;
Nadie;129;Random;Random;Random;Yes;
Rmarcotorr;129;Random;Random;Random;Yes;
Acto;129;Random;Random;Random;Yes;
Derecho;129;Random;Random;Random;Yes;
Partidopsuv;129;Random;Random;Random;Yes;
Buena;128;Random;Random;Random;Yes;
Unfollower;127;Random;Random;Random;Yes;
Da;125;Random;Random;Random;Yes;
Chavez;125;Random;Random;Random;Yes;
Gnb;125;Random;Random;Random;Yes;
Dice;124;Random;Random;Random;Yes;
San;124;Random;Random;Random;Yes;
Congreso;122;Random;Random;Random;Yes;
Sector;122;Random;Random;Random;Yes;
Nada;121;Random;Random;Random;Yes;
Derecha;120;Random;Random;Random;Yes;
Primera;120;Random;Random;Random;Yes;
Ver;120;Random;Random;Random;Yes;
10;119;Random;Random;Random;Yes;
Somo;119;Random;Random;Random;Yes;
Trabajando;117;Random;Random;Random;Yes;
Precio;117;Random;Random;Random;Yes;
Tuitutil;116;Random;Random;Random;Yes;
Tan;116;Random;Random;Random;Yes;
Clap;116;Random;Random;Random;Yes;
Tareckpsuv;116;Random;Random;Random;Yes;
Mismo;115;Random;Random;Random;Yes;
Económica;115;Random;Random;Random;Yes;
Simón;115;Random;Random;Random;Yes;
Unido;115;Random;Random;Random;Yes;
Le;114;Random;Random;Random;Yes;
Present;113;Random;Random;Random;Yes;
Fidel;113;Random;Random;Random;Yes;
Elecciones;112;Random;Random;Random;Yes;
Clase;112;Random;Random;Random;Yes;
Tiempo;112;Random;Random;Random;Yes;
Historia;112;Random;Random;Random;Yes;
Batalla;112;Random;Random;Random;Yes;
Mano;111;Random;Random;Random;Yes;
Tomá;111;Random;Random;Random;Yes;
Comunidad;110;Random;Random;Random;Yes;
Dos;110;Random;Random;Random;Yes;
Diálogo;110;Random;Random;Random;Yes;
New;109;Random;Random;Random;Yes;
Cuando;109;Random;Random;Random;Yes;
Pero;109;Random;Random;Random;Yes;
Cumplen;109;Random;Random;Random;Yes;
Estudiante;108;Random;Random;Random;Yes;
Yo;108;Random;Random;Random;Yes;
Libr;108;Random;Random;Random;Yes;
Hombr;108;Random;Random;Random;Yes;
Saludo;108;Random;Random;Random;Yes;
Esto;107;Random;Random;Random;Yes;
Hijo;107;Random;Random;Random;Yes;
Justicia;106;Random;Random;Random;Yes;
Noticia;106;Random;Random;Random;Yes;
Importante;105;Random;Random;Random;Yes;
Jóvenes;105;Random;Random;Random;Yes;
Candidato;105;Random;Random;Random;Yes;
Navidad;105;Random;Random;Random;Yes;
Gt;105;Random;Random;Random;Yes;
Viva;104;Random;Random;Random;Yes;
Seguridad;104;Random;Random;Random;Yes;
Villegaspoljak;104;Random;Random;Random;Yes;
Seguidor;104;Random;Random;Random;Yes;
Padr;103;Random;Random;Random;Yes;
Idea;103;Random;Random;Random;Yes;
2019;102;Random;Random;Random;Yes;
Sistema;102;Random;Random;Random;Yes;
Libertador;102;Random;Random;Random;Yes;
Primer;102;Random;Random;Random;Yes;
Momento;101;Random;Random;Random;Yes;
Tener;101;Random;Random;Random;Yes;
Juan;101;Random;Random;Random;Yes;
Zulia;101;Random;Random;Random;Yes;
Van;101;Random;Random;Random;Yes;
Via;101;Random;Random;Random;Yes;
Ciudad;100;Random;Random;Random;Yes;
Camino;100;Random;Random;Random;Yes;
Medio;100;Random;Random;Random;Yes;
2025;99;Random;Random;Random;Yes;
Militar;99;Random;Random;Random;Yes;
Sigu;99;Random;Random;Random;Yes;
Amigo;99;Random;Random;Random;Yes;
Quiero;99;Random;Random;Random;Yes;
Nuestra;98;Random;Random;Random;Yes;
Líder;97;Random;Random;Random;Yes;
Semana;97;Random;Random;Random;Yes;
Miranda;97;Random;Random;Random;Yes;
Manera;96;Random;Random;Random;Yes;
Cosa;96;Random;Random;Random;Yes;
Encuentro;96;Random;Random;Random;Yes;
Nos;96;Random;Random;Random;Yes;
Travé;95;Random;Random;Random;Yes;
Corazón;94;Random;Random;Random;Yes;
Cómo;94;Random;Random;Random;Yes;
Lara;93;Random;Random;Random;Yes;
000;93;Random;Random;Random;Yes;
Atención;93;Random;Random;Random;Yes;
Siembra;92;Random;Random;Random;Yes;
Vive;92;Random;Random;Random;Yes;
Presidencialven;92;Random;Random;Random;Yes;
Lealtad;92;Random;Random;Random;Yes;
Vil;92;Random;Random;Random;Yes;
Banesco;92;Random;Random;Random;Yes;
Aragua;91;Random;Random;Random;Yes;
Mundial;91;Random;Random;Random;Yes;
Frent;91;Random;Random;Random;Yes;
Hectorodriguez;91;Random;Random;Random;Yes;
Alegría;91;Random;Random;Random;Yes;
Telesurtv;91;Random;Random;Random;Yes;
Tra;90;Random;Random;Random;Yes;
Ezequiel;90;Random;Random;Random;Yes;
Lahojillaentv;90;Random;Random;Random;Yes;
Bono;90;Random;Random;Random;Yes;
Voto;89;Random;Random;Random;Yes;
Argentina;89;Random;Random;Random;Yes;
Soberano;88;Random;Random;Random;Yes;
Mientra;88;Random;Random;Random;Yes;
Entrega;88;Random;Random;Random;Yes;
Sucr;87;Random;Random;Random;Yes;
Alto;87;Random;Random;Random;Yes;
Dia;87;Random;Random;Random;Yes;
Legado;87;Random;Random;Random;Yes;
Palabra;86;Random;Random;Random;Yes;
Proceso;86;Random;Random;Random;Yes;
Muerte;86;Random;Random;Random;Yes;
Eso;86;Random;Random;Random;Yes;
30;85;Random;Random;Random;Yes;
10ene;85;Random;Random;Random;Yes;
Dirigente;85;Random;Random;Random;Yes;
Tierra;85;Random;Random;Random;Yes;
Futuro;85;Random;Random;Random;Yes;
Joven;85;Random;Random;Random;Yes;
12;84;Random;Random;Random;Yes;
Producción;84;Random;Random;Random;Yes;
Última;84;Random;Random;Random;Yes;
Economía;84;Random;Random;Random;Yes;
Socialismo;84;Random;Random;Random;Yes;
Gabelorangel;84;Random;Random;Random;Yes;
Diciembre;83;Random;Random;Random;Yes;
Jueve;83;Random;Random;Random;Yes;
Paso;83;Random;Random;Random;Yes;
Colombia;83;Random;Random;Random;Yes;
Esperanza;83;Random;Random;Random;Yes;
Mision;82;Random;Random;Random;Yes;
Alimento;82;Random;Random;Random;Yes;
Pa;82;Random;Random;Random;Yes;
Obrero;82;Random;Random;Random;Yes;
Vivienda;82;Random;Random;Random;Yes;
Marco;82;Random;Random;Random;Yes;
Carnetdlapatria;82;Random;Random;Random;Yes;
Honduras;81;Random;Random;Random;Yes;
Plaza;81;Random;Random;Random;Yes;
Son;81;Random;Random;Random;Yes;
Hay;81;Random;Random;Random;Yes;
Parroquia;81;Random;Random;Random;Yes;
Traición;81;Random;Random;Random;Yes;
Especie;81;Random;Random;Random;Yes;
Freddybernal;81;Random;Random;Random;Yes;
Compromiso;80;Random;Random;Random;Yes;
Internacional;80;Random;Random;Random;Yes;
Niña;80;Random;Random;Random;Yes;
Angostura;80;Random;Random;Random;Yes;
Com;80;Random;Random;Random;Yes;
Htt;80;Random;Random;Random;Yes;
Fin;80;Random;Random;Random;Yes;
Sido;80;Random;Random;Random;Yes;
20;79;Random;Random;Random;Yes;
Estamos;79;Random;Random;Random;Yes;
Acuerdo;79;Random;Random;Random;Yes;
José;79;Random;Random;Random;Yes;
Partido;79;Random;Random;Random;Yes;
Dijo;79;Random;Random;Random;Yes;
Criptomoneda;79;Random;Random;Random;Yes;
Iguanatv;79;Random;Random;Random;Yes;
Campaña;78;Random;Random;Random;Yes;
Mucha;78;Random;Random;Random;Yes;
Defensa;78;Random;Random;Random;Yes;
Aruba;78;Random;Random;Random;Yes;
Sin;77;Random;Random;Random;Yes;
Consejo;77;Random;Random;Random;Yes;
Violencia;77;Random;Random;Random;Yes;
Rodríguez;77;Random;Random;Random;Yes;
Despué;77;Random;Random;Random;Yes;
Portugal;77;Random;Random;Random;Yes;
Quier;77;Random;Random;Random;Yes;
Yaracuy;77;Random;Random;Random;Yes;
Democracia;76;Random;Random;Random;Yes;
Punto;76;Random;Random;Random;Yes;
Construcción;76;Random;Random;Random;Yes;
Actualidadrt;76;Random;Random;Random;Yes;
Bs;75;Random;Random;Random;Yes;
Proyecto;75;Random;Random;Random;Yes;
Debemos;75;Random;Random;Random;Yes;
Luchador;75;Random;Random;Random;Yes;
Soberanía;75;Random;Random;Random;Yes;
Omarprieto;75;Random;Random;Random;Yes;
Saber;75;Random;Random;Random;Yes;
Solidaridad;75;Random;Random;Random;Yes;
24;74;Random;Random;Random;Yes;
Libertad;74;Random;Random;Random;Yes;
Porque;74;Random;Random;Random;Yes;
Ustedes;74;Random;Random;Random;Yes;
Envivo;74;Random;Random;Random;Yes;
Region;74;Random;Random;Random;Yes;
Propuesta;74;Random;Random;Random;Yes;
Meno;74;Random;Random;Random;Yes;
Jaarreaza;74;Random;Random;Random;Yes;
Buen;74;Random;Random;Random;Yes;
Centro;74;Random;Random;Random;Yes;
Julio;73;Random;Random;Random;Yes;
158;72;Random;Random;Random;Yes;
Sabe;72;Random;Random;Random;Yes;
Evoespueblo;72;Random;Random;Random;Yes;
Barrio;72;Random;Random;Random;Yes;
Visita;72;Random;Random;Random;Yes;
Toma;72;Random;Random;Random;Yes;
Carabobo;72;Random;Random;Random;Yes;
Movimiento;72;Random;Random;Random;Yes;
Madre;71;Random;Random;Random;Yes;
Correoorinoco;71;Random;Random;Random;Yes;
Agua;71;Random;Random;Random;Yes;
Min;71;Random;Random;Random;Yes;
Fanb;71;Random;Random;Random;Yes;
Elector;70;Random;Random;Random;Yes;
Debat;70;Random;Random;Random;Yes;
Cubano;70;Random;Random;Random;Yes;
Trujillo;70;Random;Random;Random;Yes;
Decir;70;Random;Random;Random;Yes;
Cabello;70;Random;Random;Random;Yes;
Tropa;70;Random;Random;Random;Yes;
Pública;70;Random;Random;Random;Yes;
Cruz;70;Random;Random;Random;Yes;
198;69;Random;Random;Random;Yes;
Llamado;69;Random;Random;Random;Yes;
Felicidad;69;Random;Random;Random;Yes;
Alguien;69;Random;Random;Random;Yes;
Ga;69;Random;Random;Random;Yes;
Trump;69;Random;Random;Random;Yes;
Follow;69;Random;Random;Random;Yes;
Problema;68;Random;Random;Random;Yes;
Carlos;68;Random;Random;Random;Yes;
Opositor;68;Random;Random;Random;Yes;
Sólo;68;Random;Random;Random;Yes;
Fecha;68;Random;Random;Random;Yes;
15;67;Random;Random;Random;Yes;
Mensaj;67;Random;Random;Random;Yes;
Cambio;67;Random;Random;Random;Yes;
Misión;67;Random;Random;Random;Yes;
Independencia;67;Random;Random;Random;Yes;
Pasa;67;Random;Random;Random;Yes;
Caso;67;Random;Random;Random;Yes;
Madeleintlsur;67;Random;Random;Random;Yes;
Comun;67;Random;Random;Random;Yes;
Cancilleriave;67;Random;Random;Random;Yes;
17;66;Random;Random;Random;Yes;
Hacia;66;Random;Random;Random;Yes;
Accion;66;Random;Random;Random;Yes;
Soy;66;Random;Random;Random;Yes;
Ant;66;Random;Random;Random;Yes;
Empresa;66;Random;Random;Random;Yes;
Tema;66;Random;Random;Random;Yes;
Macri;66;Random;Random;Random;Yes;
Conoce;66;Random;Random;Random;Yes;
Público;66;Random;Random;Random;Yes;
Edo;66;Random;Random;Random;Yes;
Construir;66;Random;Random;Random;Yes;
Cara;66;Random;Random;Random;Yes;
Desarrollo;66;Random;Random;Random;Yes;
Escuela;65;Random;Random;Random;Yes;
Total;65;Random;Random;Random;Yes;
Ataque;65;Random;Random;Random;Yes;
Señor;65;Random;Random;Random;Yes;
Cultura;65;Random;Random;Random;Yes;
Odio;65;Random;Random;Random;Yes;
Aniversario;65;Random;Random;Random;Yes;
Mquevedof;65;Random;Random;Random;Yes;
Ministerio;65;Random;Random;Random;Yes;
Cumple;65;Random;Random;Random;Yes;
Votar;65;Random;Random;Random;Yes;
Enunidadsomosinvencibles;64;Random;Random;Random;Yes;
Leer;64;Random;Random;Random;Yes;
Sundde;64;Random;Random;Random;Yes;
Periodista;64;Random;Random;Random;Yes;
Amo;64;Random;Random;Random;Yes;
Militante;64;Random;Random;Random;Yes;
Cubaminrex;64;Random;Random;Random;Yes;
Terrorista;64;Random;Random;Random;Yes;
Trabajadora;64;Random;Random;Random;Yes;
Educación;63;Random;Random;Random;Yes;
Pago;63;Random;Random;Random;Yes;
Serán;63;Random;Random;Random;Yes;
Actividad;63;Random;Random;Random;Yes;
Producto;63;Random;Random;Random;Yes;
Meses;63;Random;Random;Random;Yes;
Mud;63;Random;Random;Random;Yes;
Llegó;63;Random;Random;Random;Yes;
Uste;63;Random;Random;Random;Yes;
Tweet;62;Random;Random;Random;Yes;
Capit;62;Random;Random;Random;Yes;
Honor;62;Random;Random;Random;Yes;
Asi;62;Random;Random;Random;Yes;
Tu;62;Random;Random;Random;Yes;
Quien;62;Random;Random;Random;Yes;
Domingo;62;Random;Random;Random;Yes;
Policía;62;Random;Random;Random;Yes;
Tarekwiliamsaab;62;Random;Random;Random;Yes;
Vivo;62;Random;Random;Random;Yes;
18;61;Random;Random;Random;Yes;
Ojo;61;Random;Random;Random;Yes;
Ayer;61;Random;Random;Random;Yes;
Compañero;61;Random;Random;Random;Yes;
Pro;61;Random;Random;Random;Yes;
Unión;61;Random;Random;Random;Yes;
Julioleonyara;61;Random;Random;Random;Yes;
Jefe;60;Random;Random;Random;Yes;
Seguro;60;Random;Random;Random;Yes;
Ht;60;Random;Random;Random;Yes;
Avanzando;60;Random;Random;Random;Yes;
Información;60;Random;Random;Random;Yes;
Gestión;60;Random;Random;Random;Yes;
Llega;60;Random;Random;Random;Yes;
Lune;60;Random;Random;Random;Yes;
Ven;59;Random;Random;Random;Yes;
Lui;59;Random;Random;Random;Yes;
Defensor;59;Random;Random;Random;Yes;
Podemo;59;Random;Random;Random;Yes;
Luego;59;Random;Random;Random;Yes;
Vladimirpadrino;59;Random;Random;Random;Yes;
Gloriosa;59;Random;Random;Random;Yes;
Dar;58;Random;Random;Random;Yes;
Nosotro;58;Random;Random;Random;Yes;
Ayuda;58;Random;Random;Random;Yes;
Hecho;58;Random;Random;Random;Yes;
Gana;58;Random;Random;Random;Yes;
Rede;58;Random;Random;Random;Yes;
Noche;58;Random;Random;Random;Yes;
Hambr;58;Random;Random;Random;Yes;
Forma;58;Random;Random;Random;Yes;
Beneficio;58;Random;Random;Random;Yes;
Fortalecimiento;58;Random;Random;Random;Yes;
500;57;Random;Random;Random;Yes;
Falta;57;Random;Random;Random;Yes;
Dando;57;Random;Random;Random;Yes;
Quién;57;Random;Random;Random;Yes;
Medida;57;Random;Random;Random;Yes;
Par;57;Random;Random;Random;Yes;
Humano;57;Random;Random;Random;Yes;
Villegas;57;Random;Random;Random;Yes;
Hasta;57;Random;Random;Random;Yes;
Relaciones;57;Random;Random;Random;Yes;
Ejemplo;57;Random;Random;Random;Yes;
13;56;Random;Random;Random;Yes;
Sí;56;Random;Random;Random;Yes;
Nombre;56;Random;Random;Random;Yes;
Vargas;56;Random;Random;Random;Yes;
Preso;56;Random;Random;Random;Yes;
Lugar;56;Random;Random;Random;Yes;
Hugbelpsuv;56;Random;Random;Random;Yes;
Chile;56;Random;Random;Random;Yes;
Person;56;Random;Random;Random;Yes;
Ratificado;56;Random;Random;Random;Yes;
Viernes;55;Random;Random;Random;Yes;
Encuentropopular;55;Random;Random;Random;Yes;
Day;55;Random;Random;Random;Yes;
Mesa;55;Random;Random;Random;Yes;
Director;55;Random;Random;Random;Yes;
Patriota;55;Random;Random;Random;Yes;
Valor;55;Random;Random;Random;Yes;
Nivel;55;Random;Random;Random;Yes;
Alcaldía;55;Random;Random;Random;Yes;
Consolidación;55;Random;Random;Random;Yes;
Mppeducacion;55;Random;Random;Random;Yes;
200;54;Random;Random;Random;Yes;
Resultado;54;Random;Random;Random;Yes;
Comunicación;54;Random;Random;Random;Yes;
Twitter;54;Random;Random;Random;Yes;
Erikapsuv;54;Random;Random;Random;Yes;
Marcha;54;Random;Random;Random;Yes;
Ud;54;Random;Random;Random;Yes;
Breve;54;Random;Random;Random;Yes;
Médico;54;Random;Random;Random;Yes;
Santo;54;Random;Random;Random;Yes;
Comisión;54;Random;Random;Random;Yes;
Activo;54;Random;Random;Random;Yes;
Nestorreverol;54;Random;Random;Random;Yes;
Cfkargentina;54;Random;Random;Random;Yes;
Conmemoramos;54;Random;Random;Random;Yes;
Alerta;54;Random;Random;Random;Yes;
Aquella;54;Random;Random;Random;Yes;
Banco;53;Random;Random;Random;Yes;
Bajo;53;Random;Random;Random;Yes;
Gestionperfecta;53;Random;Random;Random;Yes;
Deben;53;Random;Random;Random;Yes;
Dicen;53;Random;Random;Random;Yes;
Dispone;53;Random;Random;Random;Yes;
Diario;53;Random;Random;Random;Yes;
Autoridad;53;Random;Random;Random;Yes;
16;52;Random;Random;Random;Yes;
Ni;52;Random;Random;Random;Yes;
Creo;52;Random;Random;Random;Yes;
Pue;52;Random;Random;Random;Yes;
Peor;52;Random;Random;Random;Yes;
Venta;52;Random;Random;Random;Yes;
Anuncio;52;Random;Random;Random;Yes;
Antonio;52;Random;Random;Random;Yes;
Pernil;52;Random;Random;Random;Yes;
Gob;52;Random;Random;Random;Yes;
Igual;52;Random;Random;Random;Yes;
Chavezvive;52;Random;Random;Random;Yes;
Sr;52;Random;Random;Random;Yes;
Recordamos;52;Random;Random;Random;Yes;
Próximo;52;Random;Random;Random;Yes;
Seguiremos;52;Random;Random;Random;Yes;
Ribas;52;Random;Random;Random;Yes;
Obra;52;Random;Random;Random;Yes;
19;51;Random;Random;Random;Yes;
Necesidad;51;Random;Random;Random;Yes;
Grupo;51;Random;Random;Random;Yes;
Ningún;51;Random;Random;Random;Yes;
Zona;51;Random;Random;Random;Yes;
Rumbo;51;Random;Random;Random;Yes;
Pueden;51;Random;Random;Random;Yes;
Miraflores;51;Random;Random;Random;Yes;
Económico;51;Random;Random;Random;Yes;
Tres;51;Random;Random;Random;Yes;
Vzla;51;Random;Random;Random;Yes;
Rafael;51;Random;Random;Random;Yes;
Responsable;51;Random;Random;Random;Yes;
Quieren;51;Random;Random;Random;Yes;
Cumpliendo;51;Random;Random;Random;Yes;
Anzoátegui;51;Random;Random;Random;Yes;
Tecnología;51;Random;Random;Random;Yes;
Universidad;51;Random;Random;Random;Yes;
Dictadura;51;Random;Random;Random;Yes;
Trabajar;51;Random;Random;Random;Yes;
Hacen;50;Random;Random;Random;Yes;
Excelente;50;Random;Random;Random;Yes;
Haciendo;50;Random;Random;Random;Yes;
Fiscal;50;Random;Random;Random;Yes;
Diosdado;50;Random;Random;Random;Yes;
Imagen;50;Random;Random;Random;Yes;
Imperio;50;Random;Random;Random;Yes;
Alma;49;Random;Random;Random;Yes;
Garantizar;49;Random;Random;Random;Yes;
Viene;49;Random;Random;Random;Yes;
Inicio;49;Random;Random;Random;Yes;
Luz;49;Random;Random;Random;Yes;
Deja;49;Random;Random;Random;Yes;
Homenaje;49;Random;Random;Random;Yes;
Pendiente;49;Random;Random;Random;Yes;
Dignidad;49;Random;Random;Random;Yes;
Sueño;49;Random;Random;Random;Yes;
Chinarivas30;49;Random;Random;Random;Yes;
China;49;Random;Random;Random;Yes;
Herramienta;49;Random;Random;Random;Yes;
Ciudadano;49;Random;Random;Random;Yes;
Ciudadccs;49;Random;Random;Random;Yes;
España;49;Random;Random;Random;Yes;
Ej;49;Random;Random;Random;Yes;
Espacio;48;Random;Random;Random;Yes;
Pasado;48;Random;Random;Random;Yes;
Base;48;Random;Random;Random;Yes;
Tarde;48;Random;Random;Random;Yes;
Dinero;48;Random;Random;Random;Yes;
Muerto;48;Random;Random;Random;Yes;
Queremos;48;Random;Random;Random;Yes;
Veces;48;Random;Random;Random;Yes;
Funcionario;48;Random;Random;Random;Yes;
Justo;48;Random;Random;Random;Yes;
Hospital;48;Random;Random;Random;Yes;
Barina;48;Random;Random;Random;Yes;
Mercado;48;Random;Random;Random;Yes;
Justonoguerap;48;Random;Random;Random;Yes;
Onu;47;Random;Random;Random;Yes;
Almagro;47;Random;Random;Random;Yes;
Misma;47;Random;Random;Random;Yes;
Integr;47;Random;Random;Random;Yes;
Metro;47;Random;Random;Random;Yes;
Bolivar;47;Random;Random;Random;Yes;
Ir;47;Random;Random;Random;Yes;
Roja;47;Random;Random;Random;Yes;
Inicia;47;Random;Random;Random;Yes;
Único;47;Random;Random;Random;Yes;
Venceremos;47;Random;Random;Random;Yes;
Tal;47;Random;Random;Random;Yes;
Cmdte;47;Random;Random;Random;Yes;
Parec;47;Random;Random;Random;Yes;
Valencia;47;Random;Random;Random;Yes;
Jorgerpsuv;47;Random;Random;Random;Yes;
Somosvenezuela;47;Random;Random;Random;Yes;
Carnet;47;Random;Random;Random;Yes;
Seniat;47;Random;Random;Random;Yes;
14;46;Random;Random;Random;Yes;
Sino;46;Random;Random;Random;Yes;
Tipo;46;Random;Random;Random;Yes;
Comprometido;46;Random;Random;Random;Yes;
Aun;46;Random;Random;Random;Yes;
Aqui;46;Random;Random;Random;Yes;
Acción;46;Random;Random;Random;Yes;
Fiesta;46;Random;Random;Random;Yes;
Sur;46;Random;Random;Random;Yes;
Santa;46;Random;Random;Random;Yes;
Ello;46;Random;Random;Random;Yes;
Él;46;Random;Random;Random;Yes;
Realidad;46;Random;Random;Random;Yes;
Pobre;46;Random;Random;Random;Yes;
Bloqueo;46;Random;Random;Random;Yes;
Leal;46;Random;Random;Random;Yes;
Maestro;46;Random;Random;Random;Yes;
Palacio;46;Random;Random;Random;Yes;
Salir;46;Random;Random;Random;Yes;
Cooperación;46;Random;Random;Random;Yes;
Ee;45;Random;Random;Random;Yes;
Claro;45;Random;Random;Random;Yes;
Re;45;Random;Random;Random;Yes;
Vota;45;Random;Random;Random;Yes;
Final;45;Random;Random;Random;Yes;
Fbuenabad;45;Random;Random;Random;Yes;
Lubrio;45;Random;Random;Random;Yes;
Jamás;45;Random;Random;Random;Yes;
Lechuguino;45;Random;Random;Random;Yes;
Histórica;45;Random;Random;Random;Yes;
Sigamos;45;Random;Random;Random;Yes;
Pide;45;Random;Random;Random;Yes;
Voy;45;Random;Random;Random;Yes;
Queda;45;Random;Random;Random;Yes;
Diputado;45;Random;Random;Random;Yes;
Pai;45;Random;Random;Random;Yes;
Petrolero;45;Random;Random;Random;Yes;
Fe;45;Random;Random;Random;Yes;
Alta;45;Random;Random;Random;Yes;
Patriciadorta40;45;Random;Random;Random;Yes;
Tv;45;Random;Random;Random;Yes;
Mérida;45;Random;Random;Random;Yes;
Clapofici;45;Random;Random;Random;Yes;
Mafia;45;Random;Random;Random;Yes;
Basura;45;Random;Random;Random;Yes;
Colectivo;44;Random;Random;Random;Yes;
Necesita;44;Random;Random;Random;Yes;
Labor;44;Random;Random;Random;Yes;
Comando;44;Random;Random;Random;Yes;
Fiel;44;Random;Random;Random;Yes;
Invicto;44;Random;Random;Random;Yes;
Hogar;44;Random;Random;Random;Yes;
Respuesta;44;Random;Random;Random;Yes;
Respeto;44;Random;Random;Random;Yes;
Petrolera;44;Random;Random;Random;Yes;
Hizo;44;Random;Random;Random;Yes;
Unánime;44;Random;Random;Random;Yes;
Tod;43;Random;Random;Random;Yes;
Dond;43;Random;Random;Random;Yes;
Muy;43;Random;Random;Random;Yes;
Invito;43;Random;Random;Random;Yes;
Juego;43;Random;Random;Random;Yes;
Transporte;43;Random;Random;Random;Yes;
Psuvaristobulo;43;Random;Random;Random;Yes;
Cuanto;43;Random;Random;Random;Yes;
Nicolá;43;Random;Random;Random;Yes;
Denuncia;43;Random;Random;Random;Yes;
Voluntad;43;Random;Random;Random;Yes;
Objetivo;43;Random;Random;Random;Yes;
Juvenil;43;Random;Random;Random;Yes;
Distribución;43;Random;Random;Random;Yes;
Orden;43;Random;Random;Random;Yes;
Lazos;43;Random;Random;Random;Yes;
Bala;43;Random;Random;Random;Yes;
Constitucion;43;Random;Random;Random;Yes;
Comida;43;Random;Random;Random;Yes;
Viaje;43;Random;Random;Random;Yes;
Billetera;43;Random;Random;Random;Yes;
Mucho;43;Random;Random;Random;Yes;
Prensa;43;Random;Random;Random;Yes;
Basándose;43;Random;Random;Random;Yes;
Lado;42;Random;Random;Random;Yes;
Uu;42;Random;Random;Random;Yes;
Soldado;42;Random;Random;Random;Yes;
Aclasesporlapatria;42;Random;Random;Random;Yes;
Fuerte;42;Random;Random;Random;Yes;
Reyes;42;Random;Random;Random;Yes;
Torre;42;Random;Random;Random;Yes;
Espera;42;Random;Random;Random;Yes;
Mentira;42;Random;Random;Random;Yes;
América;42;Random;Random;Random;Yes;
Chavistaganador;42;Random;Random;Random;Yes;
Aquel;42;Random;Random;Random;Yes;
Ejército;42;Random;Random;Random;Yes;
Área;42;Random;Random;Random;Yes;
Artículo;42;Random;Random;Random;Yes;
Carajo;42;Random;Random;Random;Yes;
Prueba;42;Random;Random;Random;Yes;
Forocandanga;42;Random;Random;Random;Yes;
Golpe;42;Random;Random;Random;Yes;
Gmvv;42;Random;Random;Random;Yes;
Cualquier;42;Random;Random;Random;Yes;
Moral;42;Random;Random;Random;Yes;
Canciller;42;Random;Random;Random;Yes;
Canal;42;Random;Random;Random;Yes;
Sábado;42;Random;Random;Random;Yes;
Otro;41;Random;Random;Random;Yes;
Pm;41;Random;Random;Random;Yes;
Corrupción;41;Random;Random;Random;Yes;
Jesús;41;Random;Random;Random;Yes;
Deporte;41;Random;Random;Random;Yes;
Cubana;41;Random;Random;Random;Yes;
Fortaleciendo;41;Random;Random;Random;Yes;
Sancione;41;Random;Random;Random;Yes;
Abogado;41;Random;Random;Random;Yes;
Protesta;41;Random;Random;Random;Yes;
Entonc;41;Random;Random;Random;Yes;
Curazao;41;Random;Random;Random;Yes;
Arma;41;Random;Random;Random;Yes;
Anaderodriguez;41;Random;Random;Random;Yes;
Institucion;41;Random;Random;Random;Yes;
Conciencia;41;Random;Random;Random;Yes;
Siendo;41;Random;Random;Random;Yes;
Posible;41;Random;Random;Random;Yes;
Stats;41;Random;Random;Random;Yes;
Triste;40;Random;Random;Random;Yes;
Toneladas;40;Random;Random;Random;Yes;
Crisis;40;Random;Random;Random;Yes;
Mar;40;Random;Random;Random;Yes;
Mal;40;Random;Random;Random;Yes;
Carro;40;Random;Random;Random;Yes;
Contrabando;40;Random;Random;Random;Yes;
Comercio;40;Random;Random;Random;Yes;
Oro;40;Random;Random;Random;Yes;
Estan;40;Random;Random;Random;Yes;
Según;40;Random;Random;Random;Yes;
Deseo;40;Random;Random;Random;Yes;
Calidad;40;Random;Random;Random;Yes;
Llegar;40;Random;Random;Random;Yes;
Organización;40;Random;Random;Random;Yes;
21;39;Random;Random;Random;Yes;
23;39;Random;Random;Random;Yes;
Urgente;39;Random;Random;Random;Yes;
Oea;39;Random;Random;Random;Yes;
Efeméride;39;Random;Random;Random;Yes;
Alcaldesa;39;Random;Random;Random;Yes;
Larissacostas;39;Random;Random;Random;Yes;
Hermosa;39;Random;Random;Random;Yes;
Puerto;39;Random;Random;Random;Yes;
Dónde;39;Random;Random;Random;Yes;
Causa;39;Random;Random;Random;Yes;
Medicamento;39;Random;Random;Random;Yes;
9ene;39;Random;Random;Random;Yes;
Fortalece;39;Random;Random;Random;Yes;
Decreto;39;Random;Random;Random;Yes;
Número;39;Random;Random;Random;Yes;
Air;39;Random;Random;Random;Yes;
Enemigo;39;Random;Random;Random;Yes;
Secretario;39;Random;Random;Random;Yes;
Internacionales;39;Random;Random;Random;Yes;
Amenaza;39;Random;Random;Random;Yes;
Negocio;39;Random;Random;Random;Yes;
Ruta;39;Random;Random;Random;Yes;
Miércoles;39;Random;Random;Random;Yes;
Guárico;39;Random;Random;Random;Yes;
Cree;38;Random;Random;Random;Yes;
Gusta;38;Random;Random;Random;Yes;
Habla;38;Random;Random;Random;Yes;
Entr;38;Random;Random;Random;Yes;
Robert;38;Random;Random;Random;Yes;
Antiimperialista;38;Random;Random;Random;Yes;
Otra;38;Random;Random;Random;Yes;
Tanta;38;Random;Random;Random;Yes;
Mes;38;Random;Random;Random;Yes;
Docente;38;Random;Random;Random;Yes;
Continúa;38;Random;Random;Random;Yes;
Jubilado;38;Random;Random;Random;Yes;
Juguete;38;Random;Random;Random;Yes;
Recibimos;38;Random;Random;Random;Yes;
Familiar;38;Random;Random;Random;Yes;
Representante;38;Random;Random;Random;Yes;
Avance;38;Random;Random;Random;Yes;
Contra;38;Random;Random;Random;Yes;
Gloria;38;Random;Random;Random;Yes;
Mijpvenezuela;38;Random;Random;Random;Yes;
Sociedad;38;Random;Random;Random;Yes;
Control;38;Random;Random;Random;Yes;
Mary;38;Random;Random;Random;Yes;
Originales;38;Random;Random;Random;Yes;
Partir;37;Random;Random;Random;Yes;
24h;37;Random;Random;Random;Yes;
Abrazo;37;Random;Random;Random;Yes;
Estará;37;Random;Random;Random;Yes;
Defend;37;Random;Random;Random;Yes;
Tiene;37;Random;Random;Random;Yes;
Estratégico;37;Random;Random;Random;Yes;
Nacionales;37;Random;Random;Random;Yes;
Cierre;37;Random;Random;Random;Yes;
Cumplirse;37;Random;Random;Random;Yes;
Pregunta;37;Random;Random;Random;Yes;
Vivir;37;Random;Random;Random;Yes;
Aún;37;Random;Random;Random;Yes;
Éxito;37;Random;Random;Random;Yes;
Querido;37;Random;Random;Random;Yes;
Construyendo;37;Random;Random;Random;Yes;
Repudiamos;37;Random;Random;Random;Yes;
Miembro;36;Random;Random;Random;Yes;
Exist;36;Random;Random;Random;Yes;
Llama;36;Random;Random;Random;Yes;
Alguna;36;Random;Random;Random;Yes;
Youtube;36;Random;Random;Random;Yes;
Endirecto;36;Random;Random;Random;Yes;
Protege;36;Random;Random;Random;Yes;
Minuto;36;Random;Random;Random;Yes;
Situación;36;Random;Random;Random;Yes;
Compra;36;Random;Random;Random;Yes;
Haber;36;Random;Random;Random;Yes;
Materia;36;Random;Random;Random;Yes;
Celebra;36;Random;Random;Random;Yes;
Dólares;36;Random;Random;Random;Yes;
Hola;36;Random;Random;Random;Yes;
Voz;36;Random;Random;Random;Yes;
Cobre;36;Random;Random;Random;Yes;
Digo;36;Random;Random;Random;Yes;
Dólar;36;Random;Random;Random;Yes;
Na;36;Random;Random;Random;Yes;
Gobernación;36;Random;Random;Random;Yes;
Miles;36;Random;Random;Random;Yes;
Primero;36;Random;Random;Random;Yes;
Inteligente;36;Random;Random;Random;Yes;
Culture;36;Random;Random;Random;Yes;
Acá;36;Random;Random;Random;Yes;
Vicepresidente;36;Random;Random;Random;Yes;
Cielo;36;Random;Random;Random;Yes;
Cumpleaños;36;Random;Random;Random;Yes;
Civil;36;Random;Random;Random;Yes;
Sede;36;Random;Random;Random;Yes;
Consolidó;36;Random;Random;Random;Yes;
Iglesia;35;Random;Random;Random;Yes;
Digitales;35;Random;Random;Random;Yes;
00;35;Random;Random;Random;Yes;
Vemos;35;Random;Random;Random;Yes;
Ahí;35;Random;Random;Random;Yes;
Realizó;35;Random;Random;Random;Yes;
Iniciamos;35;Random;Random;Random;Yes;
Mantenimiento;35;Random;Random;Random;Yes;
Asesinado;35;Random;Random;Random;Yes;
Podrá;35;Random;Random;Random;Yes;
Presidenta;35;Random;Random;Random;Yes;
Colombiano;35;Random;Random;Random;Yes;
Escuálido;35;Random;Random;Random;Yes;
Jesus;35;Random;Random;Random;Yes;
Hermoso;35;Random;Random;Random;Yes;
Cuerpo;35;Random;Random;Random;Yes;
Maperezpirela;35;Random;Random;Random;Yes;
Vale;35;Random;Random;Random;Yes;
Dolor;35;Random;Random;Random;Yes;
Delegación;35;Random;Random;Random;Yes;
Santiago;35;Random;Random;Random;Yes;
Dan;35;Random;Random;Random;Yes;
Escolar;35;Random;Random;Random;Yes;
Magallan;35;Random;Random;Random;Yes;
25;34;Random;Random;Random;Yes;
27;34;Random;Random;Random;Yes;
Tenemos;34;Random;Random;Random;Yes;
Luchar;34;Random;Random;Random;Yes;
Municip;34;Random;Random;Random;Yes;
Corrupto;34;Random;Random;Random;Yes;
Saben;34;Random;Random;Random;Yes;
Entérate;34;Random;Random;Random;Yes;
Francisco;34;Random;Random;Random;Yes;
Combatir;34;Random;Random;Random;Yes;
Sera;34;Random;Random;Random;Yes;
Comuna;34;Random;Random;Random;Yes;
Hija;34;Random;Random;Random;Yes;
Recurso;34;Random;Random;Random;Yes;
Felicitacione;34;Random;Random;Random;Yes;
Privado;34;Random;Random;Random;Yes;
Anti;34;Random;Random;Random;Yes;
Traidor;34;Random;Random;Random;Yes;
López;34;Random;Random;Random;Yes;
Ganar;34;Random;Random;Random;Yes;
Única;34;Random;Random;Random;Yes;
Fraud;34;Random;Random;Random;Yes;
Fuente;34;Random;Random;Random;Yes;
Pedro;34;Random;Random;Random;Yes;
Sale;34;Random;Random;Random;Yes;
Ecuador;34;Random;Random;Random;Yes;
Ceofanb;34;Random;Random;Random;Yes;
Cojedes;34;Random;Random;Random;Yes;
Muestra;34;Random;Random;Random;Yes;
Agenda;33;Random;Random;Random;Yes;
Amp;33;Random;Random;Random;Yes;
Dirección;33;Random;Random;Random;Yes;
Av;33;Random;Random;Random;Yes;
Productiva;33;Random;Random;Random;Yes;
Estoy;33;Random;Random;Random;Yes;
Territorio;33;Random;Random;Random;Yes;
Salario;33;Random;Random;Random;Yes;
Bandera;33;Random;Random;Random;Yes;
Productor;33;Random;Random;Random;Yes;
Verdadero;33;Random;Random;Random;Yes;
Rusia;33;Random;Random;Random;Yes;
Saqueo;33;Random;Random;Random;Yes;
Encuentra;33;Random;Random;Random;Yes;
Urbanismo;33;Random;Random;Random;Yes;
Digital;33;Random;Random;Random;Yes;
Fascista;33;Random;Random;Random;Yes;
Países;33;Random;Random;Random;Yes;
Siguen;33;Random;Random;Random;Yes;
Operativo;33;Random;Random;Random;Yes;
Chavismo;33;Random;Random;Random;Yes;
Instrucciones;33;Random;Random;Random;Yes;
Parqu;33;Random;Random;Random;Yes;
Comandosergioh;33;Random;Random;Random;Yes;
40;32;Random;Random;Random;Yes;
Ama;32;Random;Random;Random;Yes;
Loco;32;Random;Random;Random;Yes;
Candidata;32;Random;Random;Random;Yes;
Pequeño;32;Random;Random;Random;Yes;
Triunfo;32;Random;Random;Random;Yes;
Efectivo;32;Random;Random;Random;Yes;
Luislopezpsuv;32;Random;Random;Random;Yes;
Profesor;32;Random;Random;Random;Yes;
México;32;Random;Random;Random;Yes;
Darle;32;Random;Random;Random;Yes;
Esfuerzo;32;Random;Random;Random;Yes;
Izquierda;32;Random;Random;Random;Yes;
Error;32;Random;Random;Random;Yes;
Costa;32;Random;Random;Random;Yes;
Último;32;Random;Random;Random;Yes;
Ratificación;32;Random;Random;Random;Yes;
Aprobada;32;Random;Random;Random;Yes;
Industria;32;Random;Random;Random;Yes;
